mc	mn	quarterbeats	quarterbeats_all_endings	duration_qb	mc_onset	mn_onset	event	timesig	staff	voice	duration	gracenote	nominal_duration	scalar	chord_id	articulation	thoroughbass_duration	thoroughbass_level_1	thoroughbass_level_2	slur
1	1	0	0	2.0	0	0	Chord	4/4	1	1	1/2		1/2	1	0					
1	1	2	2	2.0	1/2	1/2	Chord	4/4	1	1	1/2		1/2	1	1					
1	1	0	0	2.0	0	0	Chord	4/4	2	1	1/2		1/2	1	2					
1	1	2	2	2.0	1/2	1/2	Chord	4/4	2	1	1/2		1/2	1	3					
1	1	0	0	2.0	0	0	Chord	4/4	3	1	1/2		1/2	1	4					
1	1	2	2	2.0	1/2	1/2	Chord	4/4	3	1	1/2		1/2	1	5					
1	1	0	0	2.0	0	0	Chord	4/4	4	1	1/2		1/2	1	6					
1	1	2	2	2.0	1/2	1/2	Chord	4/4	4	1	1/2		1/2	1	7					
1	1	0	0	2.0	0	0	Chord	4/4	5	1	1/2		1/2	1	8					
1	1	2	2	2.0	1/2	1/2	Chord	4/4	5	1	1/2		1/2	1	9					
1	1	0	0	4.0	0	0	Chord	4/4	5	2	1		1	1	10					
1	1	0	0	4.0	0	0	Chord	4/4	5	3	1		1	1	11					
1	1	0	0	4.0	0	0	Chord	4/4	6	1	1		1	1	12					
1	1	0	0	0.0	0	0	FiguredBass	4/4	9	1	0						1/2	5		
1	1	0	0	2.0	0	0	Chord	4/4	9	1	1/2		1/2	1	13					
1	1	2	2	0.0	1/2	1/2	FiguredBass	4/4	9	1	0						1/2	6		
1	1	2	2	2.0	1/2	1/2	Chord	4/4	9	1	1/2		1/2	1	14					
1	1	0	0	4.0	0	0	Chord	4/4	10	1	1		1	1	15					
2	2	4	4	2.0	0	0	Chord	4/4	1	1	1/2		1/2	1	16					
2	2	6	6	2.0	1/2	1/2	Chord	4/4	1	1	1/2		1/2	1	17					
2	2	4	4	2.0	0	0	Chord	4/4	2	1	1/2		1/2	1	18					
2	2	6	6	2.0	1/2	1/2	Chord	4/4	2	1	1/2		1/2	1	19					
2	2	4	4	2.0	0	0	Chord	4/4	3	1	1/2		1/2	1	20					
2	2	6	6	2.0	1/2	1/2	Chord	4/4	3	1	1/2		1/2	1	21					
2	2	4	4	2.0	0	0	Chord	4/4	4	1	1/2		1/2	1	22					
2	2	6	6	2.0	1/2	1/2	Chord	4/4	4	1	1/2		1/2	1	23					
2	2	4	4	2.0	0	0	Chord	4/4	5	1	1/2		1/2	1	24					
2	2	6	6	2.0	1/2	1/2	Chord	4/4	5	1	1/2		1/2	1	25					
2	2	4	4	2.0	0	0	Chord	4/4	5	2	1/2		1/2	1	26					
2	2	6	6	2.0	1/2	1/2	Chord	4/4	5	2	1/2		1/2	1	27					
2	2	4	4	2.0	0	0	Chord	4/4	5	3	1/2		1/2	1	28					
2	2	6	6	2.0	1/2	1/2	Chord	4/4	5	3	1/2		1/2	1	29					
2	2	4	4	2.0	0	0	Chord	4/4	6	1	1/2		1/2	1	30					
2	2	6	6	2.0	1/2	1/2	Chord	4/4	6	1	1/2		1/2	1	31					
2	2	4	4	0.0	0	0	FiguredBass	4/4	9	1	0						1/2	6		
2	2	4	4	2.0	0	0	Chord	4/4	9	1	1/2		1/2	1	32					
2	2	6	6	0.0	1/2	1/2	FiguredBass	4/4	9	1	0						1/2	6		
2	2	6	6	2.0	1/2	1/2	Chord	4/4	9	1	1/2		1/2	1	33					
2	2	4	4	2.0	0	0	Chord	4/4	10	1	1/2		1/2	1	34					
2	2	6	6	2.0	1/2	1/2	Chord	4/4	10	1	1/2		1/2	1	35					
3	3	8	8	3.0	0	0	Chord	4/4	1	1	3/4		1/2	3/2	36					
3	3	11	11	1.0	3/4	3/4	Chord	4/4	1	1	1/4		1/4	1	37					
3	3	8	8	2.0	0	0	Chord	4/4	2	1	1/2		1/2	1	38					
3	3	10	10	2.0	1/2	1/2	Chord	4/4	2	1	1/2		1/2	1	39					
3	3	8	8	2.0	0	0	Chord	4/4	3	1	1/2		1/2	1	40					
3	3	10	10	2.0	1/2	1/2	Chord	4/4	3	1	1/2		1/2	1	41					
3	3	8	8	2.0	0	0	Chord	4/4	4	1	1/2		1/2	1	42					
3	3	10	10	2.0	1/2	1/2	Chord	4/4	4	1	1/2		1/2	1	43					
3	3	8	8	3.0	0	0	Chord	4/4	5	1	3/4		1/2	3/2	44					
3	3	11	11	1.0	3/4	3/4	Chord	4/4	5	1	1/4		1/4	1	45					
3	3	8	8	2.0	0	0	Chord	4/4	5	2	1/2		1/2	1	46					
3	3	10	10	2.0	1/2	1/2	Chord	4/4	5	2	1/2		1/2	1	47					
3	3	8	8	2.0	0	0	Chord	4/4	5	3	1/2		1/2	1	48					
3	3	10	10	2.0	1/2	1/2	Chord	4/4	5	3	1/2		1/2	1	49					
3	3	8	8	2.0	0	0	Chord	4/4	6	1	1/2		1/2	1	50					
3	3	10	10	2.0	1/2	1/2	Chord	4/4	6	1	1/2		1/2	1	51					
3	3	8	8	0.0	0	0	FiguredBass	4/4	9	1	0						3/4	6	5	
3	3	8	8	3.0	0	0	Chord	4/4	9	1	3/4		1/2	3/2	52					
3	3	11	11	0.0	3/4	3/4	FiguredBass	4/4	9	1	0						1/4	8	#	
3	3	11	11	1.0	3/4	3/4	Chord	4/4	9	1	1/4		1/4	1	53					
3	3	12	12	0.0	1	1	FiguredBass	4/4	9	1	0						1/4	7		
3	3	8	8	0.0	0	0	FiguredBass	4/4	10	1	0						1/2	7		
3	3	8	8	2.0	0	0	Chord	4/4	10	1	1/2		1/2	1	54					
3	3	10	10	2.0	1/2	1/2	Chord	4/4	10	1	1/2		1/2	1	55					
4	4	12	12	0.5	0	0	Chord	4/4	1	1	1/8		1/8	1	56					0
4	4	25/2	25/2	0.5	1/8	1/8	Chord	4/4	1	1	1/8		1/8	1	57					0
4	4	13	13	1.0	1/4	1/4	Chord	4/4	1	1	1/4		1/4	1	58					
4	4	14	14	2.0	1/2	1/2	Chord	4/4	1	1	1/2		1/2	1	59					
4	4	12	12	2.0	0	0	Chord	4/4	2	1	1/2		1/2	1	60					
4	4	14	14	2.0	1/2	1/2	Chord	4/4	2	1	1/2		1/2	1	61					
4	4	12	12	2.0	0	0	Chord	4/4	3	1	1/2		1/2	1	62					
4	4	14	14	2.0	1/2	1/2	Chord	4/4	3	1	1/2		1/2	1	63					
4	4	12	12	2.0	0	0	Chord	4/4	4	1	1/2		1/2	1	64					
4	4	14	14	2.0	1/2	1/2	Chord	4/4	4	1	1/2		1/2	1	65					
4	4	12	12	0.5	0	0	Chord	4/4	5	1	1/8		1/8	1	66					1
4	4	25/2	25/2	0.5	1/8	1/8	Chord	4/4	5	1	1/8		1/8	1	67					1
4	4	13	13	1.0	1/4	1/4	Chord	4/4	5	1	1/4		1/4	1	68					
4	4	14	14	2.0	1/2	1/2	Chord	4/4	5	1	1/2		1/2	1	69					
4	4	12	12	2.0	0	0	Chord	4/4	5	2	1/2		1/2	1	70					
4	4	14	14	2.0	1/2	1/2	Chord	4/4	5	2	1/2		1/2	1	71					
4	4	12	12	2.0	0	0	Chord	4/4	5	3	1/2		1/2	1	72					
4	4	14	14	2.0	1/2	1/2	Chord	4/4	5	3	1/2		1/2	1	73					
4	4	12	12	2.0	0	0	Chord	4/4	6	1	1/2		1/2	1	74					
4	4	14	14	2.0	1/2	1/2	Chord	4/4	6	1	1/2		1/2	1	75					
4	4	12	12	0.5	0	0	Chord	4/4	9	1	1/8		1/8	1	76					2
4	4	25/2	25/2	0.5	1/8	1/8	Chord	4/4	9	1	1/8		1/8	1	77					2
4	4	13	13	1.0	1/4	1/4	Chord	4/4	9	1	1/4		1/4	1	78					
4	4	14	14	2.0	1/2	1/2	Chord	4/4	9	1	1/2		1/2	1	79					
4	4	12	12	4.0	0	0	Chord	4/4	10	1	1		1	1	80					
5	5	16	16	2.0	0	0	Chord	4/4	1	1	1/2		1/2	1	81					
5	5	18	18	2.0	1/2	1/2	Chord	4/4	1	1	1/2		1/2	1	82					
5	5	16	16	2.0	0	0	Chord	4/4	2	1	1/2		1/2	1	83					
5	5	18	18	2.0	1/2	1/2	Chord	4/4	2	1	1/2		1/2	1	84					
5	5	16	16	2.0	0	0	Chord	4/4	3	1	1/2		1/2	1	85					
5	5	18	18	2.0	1/2	1/2	Chord	4/4	3	1	1/2		1/2	1	86					
5	5	16	16	2.0	0	0	Chord	4/4	4	1	1/2		1/2	1	87					
5	5	18	18	2.0	1/2	1/2	Chord	4/4	4	1	1/2		1/2	1	88					
5	5	16	16	2.0	0	0	Chord	4/4	5	1	1/2		1/2	1	89					
5	5	18	18	2.0	1/2	1/2	Chord	4/4	5	1	1/2		1/2	1	90					
5	5	16	16	2.0	0	0	Chord	4/4	5	2	1/2		1/2	1	91					
5	5	18	18	2.0	1/2	1/2	Chord	4/4	5	2	1/2		1/2	1	92					
5	5	16	16	2.0	0	0	Chord	4/4	5	3	1/2		1/2	1	93					
5	5	18	18	2.0	1/2	1/2	Chord	4/4	5	3	1/2		1/2	1	94					
5	5	16	16	2.0	0	0	Chord	4/4	6	1	1/2		1/2	1	95					
5	5	18	18	2.0	1/2	1/2	Chord	4/4	6	1	1/2		1/2	1	96					
5	5	16	16	0.0	0	0	FiguredBass	4/4	9	1	0						1/2	6	5	
5	5	16	16	2.0	0	0	Chord	4/4	9	1	1/2		1/2	1	97					
5	5	18	18	0.0	1/2	1/2	FiguredBass	4/4	9	1	0						1/2	4	2	
5	5	18	18	2.0	1/2	1/2	Chord	4/4	9	1	1/2		1/2	1	98					
5	5	16	16	2.0	0	0	Chord	4/4	10	1	1/2		1/2	1	99					
5	5	18	18	2.0	1/2	1/2	Chord	4/4	10	1	1/2		1/2	1	100					
6	6	20	20	2.0	0	0	Chord	4/4	1	1	1/2		1/2	1	101					
6	6	22	22	2.0	1/2	1/2	Chord	4/4	1	1	1/2		1/2	1	102					
6	6	20	20	2.0	0	0	Chord	4/4	2	1	1/2		1/2	1	103					
6	6	22	22	2.0	1/2	1/2	Chord	4/4	2	1	1/2		1/2	1	104					
6	6	20	20	2.0	0	0	Chord	4/4	3	1	1/2		1/2	1	105					
6	6	22	22	2.0	1/2	1/2	Chord	4/4	3	1	1/2		1/2	1	106					
6	6	20	20	2.0	0	0	Chord	4/4	4	1	1/2		1/2	1	107					
6	6	22	22	2.0	1/2	1/2	Chord	4/4	4	1	1/2		1/2	1	108					
6	6	20	20	2.0	0	0	Chord	4/4	5	1	1/2		1/2	1	109					
6	6	22	22	2.0	1/2	1/2	Chord	4/4	5	1	1/2		1/2	1	110					
6	6	20	20	2.0	0	0	Chord	4/4	5	2	1/2		1/2	1	111					
6	6	22	22	2.0	1/2	1/2	Chord	4/4	5	2	1/2		1/2	1	112					
6	6	20	20	2.0	0	0	Chord	4/4	5	3	1/2		1/2	1	113					
6	6	22	22	2.0	1/2	1/2	Chord	4/4	5	3	1/2		1/2	1	114					
6	6	20	20	2.0	0	0	Chord	4/4	6	1	1/2		1/2	1	115					
6	6	22	22	2.0	1/2	1/2	Chord	4/4	6	1	1/2		1/2	1	116					
6	6	20	20	0.0	0	0	FiguredBass	4/4	9	1	0						1/2	6		
6	6	20	20	2.0	0	0	Chord	4/4	9	1	1/2		1/2	1	117					
6	6	22	22	2.0	1/2	1/2	Chord	4/4	9	1	1/2		1/2	1	118					
6	6	20	20	2.0	0	0	Chord	4/4	10	1	1/2		1/2	1	119					
6	6	22	22	2.0	1/2	1/2	Chord	4/4	10	1	1/2		1/2	1	120					
7	7	24	24	1.0	0	0	Chord	4/4	1	1	1/4		1/4	1	121					3
7	7	25	25	1.0	1/4	1/4	Chord	4/4	1	1	1/4		1/4	1	122					
7	7	26	26	2.0	1/2	1/2	Chord	4/4	1	1	1/2		1/2	1	123					
7	7	24	24	2.0	0	0	Chord	4/4	2	1	1/2		1/2	1	124					
7	7	26	26	2.0	1/2	1/2	Chord	4/4	2	1	1/2		1/2	1	125					
7	7	24	24	2.0	0	0	Chord	4/4	3	1	1/2		1/2	1	126					
7	7	26	26	2.0	1/2	1/2	Chord	4/4	3	1	1/2		1/2	1	127					
7	7	24	24	2.0	0	0	Chord	4/4	4	1	1/2		1/2	1	128					
7	7	26	26	2.0	1/2	1/2	Chord	4/4	4	1	1/2		1/2	1	129					
7	7	24	24	1.0	0	0	Chord	4/4	5	1	1/4		1/4	1	130					4
7	7	25	25	1.0	1/4	1/4	Chord	4/4	5	1	1/4		1/4	1	131					
7	7	26	26	2.0	1/2	1/2	Chord	4/4	5	1	1/2		1/2	1	132					
7	7	24	24	4.0	0	0	Chord	4/4	5	2	1		1	1	133					
7	7	24	24	4.0	0	0	Chord	4/4	5	3	1		1	1	134					
7	7	24	24	4.0	0	0	Chord	4/4	6	1	1		1	1	135					
7	7	24	24	0.0	0	0	FiguredBass	4/4	9	1	0						1/4	7	5	
7	7	24	24	1.0	0	0	Chord	4/4	9	1	1/4		1/4	1	136					5
7	7	25	25	1.0	1/4	1/4	Chord	4/4	9	1	1/4		1/4	1	137					
7	7	26	26	2.0	1/2	1/2	Chord	4/4	9	1	1/2		1/2	1	138					
7	7	24	24	4.0	0	0	Chord	4/4	10	1	1		1	1	139					
8	8	28	28	2.0	0	0	Chord	4/4	1	1	1/2		1/2	1	140					
8	8	30	30	2.0	1/2	1/2	Chord	4/4	1	1	1/2		1/2	1	141					
8	8	28	28	2.0	0	0	Chord	4/4	2	1	1/2		1/2	1	142					
8	8	30	30	2.0	1/2	1/2	Chord	4/4	2	1	1/2		1/2	1	143					
8	8	28	28	2.0	0	0	Chord	4/4	3	1	1/2		1/2	1	144					
8	8	30	30	2.0	1/2	1/2	Chord	4/4	3	1	1/2		1/2	1	145					
8	8	28	28	2.0	0	0	Chord	4/4	4	1	1/2		1/2	1	146					
8	8	30	30	2.0	1/2	1/2	Chord	4/4	4	1	1/2		1/2	1	147					
8	8	28	28	2.0	0	0	Chord	4/4	5	1	1/2		1/2	1	148					
8	8	30	30	2.0	1/2	1/2	Chord	4/4	5	1	1/2		1/2	1	149					
8	8	28	28	4.0	0	0	Chord	4/4	5	2	1		1	1	150					
8	8	28	28	2.0	0	0	Chord	4/4	5	3	1/2		1/2	1	151					
8	8	30	30	2.0	1/2	1/2	Chord	4/4	5	3	1/2		1/2	1	152					
8	8	28	28	4.0	0	0	Chord	4/4	6	1	1		1	1	153					
8	8	28	28	0.0	0	0	FiguredBass	4/4	9	1	0						1/2	6	4	
8	8	28	28	2.0	0	0	Chord	4/4	9	1	1/2		1/2	1	154					
8	8	30	30	0.0	1/2	1/2	FiguredBass	4/4	9	1	0						1/2	5	#	
8	8	30	30	2.0	1/2	1/2	Chord	4/4	9	1	1/2		1/2	1	155					
8	8	28	28	4.0	0	0	Chord	4/4	10	1	1		1	1	156					
9	9	32	32	2.0	0	0	Chord	4/4	1	1	1/2		1/2	1	157					
9	9	34	34	2.0	1/2	1/2	Chord	4/4	1	1	1/2		1/2	1	158					
9	9	32	32	2.0	0	0	Chord	4/4	2	1	1/2		1/2	1	159					
9	9	34	34	2.0	1/2	1/2	Chord	4/4	2	1	1/2		1/2	1	160					
9	9	32	32	2.0	0	0	Chord	4/4	3	1	1/2		1/2	1	161					
9	9	34	34	2.0	1/2	1/2	Chord	4/4	3	1	1/2		1/2	1	162					
9	9	32	32	2.0	0	0	Chord	4/4	4	1	1/2		1/2	1	163					
9	9	34	34	2.0	1/2	1/2	Chord	4/4	4	1	1/2		1/2	1	164					
9	9	32	32	2.0	0	0	Chord	4/4	5	1	1/2		1/2	1	165					
9	9	34	34	2.0	1/2	1/2	Chord	4/4	5	1	1/2		1/2	1	166					
9	9	32	32	2.0	0	0	Chord	4/4	5	2	1/2		1/2	1	167					
9	9	34	34	2.0	1/2	1/2	Chord	4/4	5	2	1/2		1/2	1	168					
9	9	32	32	2.0	0	0	Chord	4/4	5	3	1/2		1/2	1	169					
9	9	34	34	2.0	1/2	1/2	Chord	4/4	5	3	1/2		1/2	1	170					
9	9	32	32	2.0	0	0	Chord	4/4	6	1	1/2		1/2	1	171					
9	9	34	34	2.0	1/2	1/2	Chord	4/4	6	1	1/2		1/2	1	172					
9	9	32	32	0.0	0	0	FiguredBass	4/4	9	1	0						1/2	6		
9	9	32	32	2.0	0	0	Chord	4/4	9	1	1/2		1/2	1	173					
9	9	34	34	0.0	1/2	1/2	FiguredBass	4/4	9	1	0						1/2	6		
9	9	34	34	2.0	1/2	1/2	Chord	4/4	9	1	1/2		1/2	1	174					
9	9	32	32	2.0	0	0	Chord	4/4	10	1	1/2		1/2	1	175					
9	9	34	34	2.0	1/2	1/2	Chord	4/4	10	1	1/2		1/2	1	176					
10	10	36	36	2.0	0	0	Chord	4/4	1	1	1/2		1/2	1	177					
10	10	38	38	2.0	1/2	1/2	Chord	4/4	1	1	1/2		1/2	1	178					
10	10	36	36	1.0	0	0	Chord	4/4	2	1	1/4		1/4	1	179					6
10	10	37	37	1.0	1/4	1/4	Chord	4/4	2	1	1/4		1/4	1	180					
10	10	38	38	2.0	1/2	1/2	Chord	4/4	2	1	1/2		1/2	1	181					
10	10	36	36	1.0	0	0	Chord	4/4	3	1	1/4		1/4	1	182					7
10	10	37	37	1.0	1/4	1/4	Chord	4/4	3	1	1/4		1/4	1	183					
10	10	38	38	2.0	1/2	1/2	Chord	4/4	3	1	1/2		1/2	1	184					
10	10	36	36	2.0	0	0	Chord	4/4	4	1	1/2		1/2	1	185					
10	10	38	38	1.0	1/2	1/2	Chord	4/4	4	1	1/4		1/4	1	186					8
10	10	39	39	1.0	3/4	3/4	Chord	4/4	4	1	1/4		1/4	1	187					
10	10	36	36	2.0	0	0	Chord	4/4	5	1	1/2		1/2	1	188					
10	10	38	38	2.0	1/2	1/2	Chord	4/4	5	1	1/2		1/2	1	189					
10	10	36	36	2.0	0	0	Chord	4/4	5	2	1/2		1/2	1	190					
10	10	38	38	2.0	1/2	1/2	Chord	4/4	5	2	1/2		1/2	1	191					
10	10	36	36	1.0	0	0	Chord	4/4	5	3	1/4		1/4	1	192					
10	10	37	37	1.0	1/4	1/4	Chord	4/4	5	3	1/4		1/4	1	193					
10	10	38	38	2.0	1/2	1/2	Chord	4/4	5	3	1/2		1/2	1	194					
10	10	36	36	2.0	0	0	Chord	4/4	6	1	1/2		1/2	1	195					
10	10	38	38	1.0	1/2	1/2	Chord	4/4	6	1	1/4		1/4	1	196					
10	10	39	39	1.0	3/4	3/4	Chord	4/4	6	1	1/4		1/4	1	197					
10	10	36	36	0.0	0	0	FiguredBass	4/4	9	1	0						1/2	5		
10	10	36	36	2.0	0	0	Chord	4/4	9	1	1/2		1/2	1	198					
10	10	38	38	0.0	1/2	1/2	FiguredBass	4/4	9	1	0						1/2	6		
10	10	38	38	2.0	1/2	1/2	Chord	4/4	9	1	1/2		1/2	1	199					
10	10	40	40	0.0	1	1	FiguredBass	4/4	9	1	0						1/2	6h		
10	10	36	36	2.0	0	0	Chord	4/4	10	1	1/2		1/2	1	200					
10	10	38	38	1.0	1/2	1/2	Chord	4/4	10	1	1/4		1/4	1	201					
10	10	39	39	1.0	3/4	3/4	Chord	4/4	10	1	1/4		1/4	1	202					
11	11	40	40	1.0	0	0	Chord	4/4	1	1	1/4		1/4	1	203					9
11	11	41	41	1.0	1/4	1/4	Chord	4/4	1	1	1/4		1/4	1	204					
11	11	42	42	2.0	1/2	1/2	Chord	4/4	1	1	1/2		1/2	1	205					
11	11	40	40	2.0	0	0	Chord	4/4	2	1	1/2		1/2	1	206					
11	11	42	42	2.0	1/2	1/2	Chord	4/4	2	1	1/2		1/2	1	207					
11	11	40	40	2.0	0	0	Chord	4/4	3	1	1/2		1/2	1	208					
11	11	42	42	2.0	1/2	1/2	Chord	4/4	3	1	1/2		1/2	1	209					
11	11	40	40	2.0	0	0	Chord	4/4	4	1	1/2		1/2	1	210					
11	11	42	42	2.0	1/2	1/2	Chord	4/4	4	1	1/2		1/2	1	211					
11	11	40	40	1.0	0	0	Chord	4/4	5	1	1/4		1/4	1	212					10
11	11	41	41	1.0	1/4	1/4	Chord	4/4	5	1	1/4		1/4	1	213					
11	11	42	42	2.0	1/2	1/2	Chord	4/4	5	1	1/2		1/2	1	214					
11	11	40	40	2.0	0	0	Chord	4/4	5	2	1/2		1/2	1	215					
11	11	42	42	2.0	1/2	1/2	Chord	4/4	5	2	1/2		1/2	1	216					
11	11	40	40	4.0	0	0	Chord	4/4	5	3	1		1	1	217					
11	11	40	40	4.0	0	0	Chord	4/4	6	1	1		1	1	218					
11	11	40	40	0.0	0	0	FiguredBass	4/4	9	1	0						1/4	4		
11	11	40	40	1.0	0	0	Chord	4/4	9	1	1/4		1/4	1	219					11
11	11	41	41	1.0	1/4	1/4	Chord	4/4	9	1	1/4		1/4	1	220					
11	11	42	42	0.0	1/2	1/2	FiguredBass	4/4	9	1	0						1/2	3		
11	11	42	42	2.0	1/2	1/2	Chord	4/4	9	1	1/2		1/2	1	221					
11	11	40	40	2.0	0	0	Chord	4/4	10	1	1/2		1/2	1	222					
11	11	42	42	2.0	1/2	1/2	Chord	4/4	10	1	1/2		1/2	1	223					
12	12	44	44	4.0	0	0	Chord	4/4	1	1	1		1	1	224					
12	12	44	44	4.0	0	0	Chord	4/4	2	1	1		1	1	225					
12	12	44	44	4.0	0	0	Chord	4/4	3	1	1		1	1	226					
12	12	44	44	4.0	0	0	Chord	4/4	4	1	1		1	1	227					
12	12	44	44	4.0	0	0	Chord	4/4	5	1	1		1	1	228					
12	12	44	44	4.0	0	0	Chord	4/4	5	2	1		1	1	229					
12	12	44	44	4.0	0	0	Chord	4/4	5	3	1		1	1	230					
12	12	44	44	4.0	0	0	Chord	4/4	6	1	1		1	1	231					
12	12	44	44	4.0	0	0	Chord	4/4	9	1	1		1	1	232					
12	12	44	44	4.0	0	0	Chord	4/4	10	1	1		1	1	233					
13	13	48	48	2.0	0	0	Chord	4/4	1	1	1/2		1/2	1	234					
13	13	50	50	2.0	1/2	1/2	Chord	4/4	1	1	1/2		1/2	1	235					
13	13	48	48	2.0	0	0	Chord	4/4	2	1	1/2		1/2	1	236					
13	13	50	50	2.0	1/2	1/2	Chord	4/4	2	1	1/2		1/2	1	237					
13	13	48	48	2.0	0	0	Chord	4/4	3	1	1/2		1/2	1	238					
13	13	50	50	2.0	1/2	1/2	Chord	4/4	3	1	1/2		1/2	1	239					
13	13	48	48	2.0	0	0	Chord	4/4	4	1	1/2		1/2	1	240					
13	13	50	50	2.0	1/2	1/2	Chord	4/4	4	1	1/2		1/2	1	241					
13	13	48	48	2.0	0	0	Chord	4/4	5	1	1/2		1/2	1	242					
13	13	50	50	2.0	1/2	1/2	Chord	4/4	5	1	1/2		1/2	1	243					
13	13	48	48	2.0	0	0	Chord	4/4	5	2	1/2		1/2	1	244					
13	13	50	50	2.0	1/2	1/2	Chord	4/4	5	2	1/2		1/2	1	245					
13	13	48	48	2.0	0	0	Chord	4/4	5	3	1/2		1/2	1	246					
13	13	50	50	2.0	1/2	1/2	Chord	4/4	5	3	1/2		1/2	1	247					
13	13	48	48	2.0	0	0	Chord	4/4	6	1	1/2		1/2	1	248					
13	13	50	50	2.0	1/2	1/2	Chord	4/4	6	1	1/2		1/2	1	249					
13	13	48	48	0.0	0	0	FiguredBass	4/4	9	1	0						1/2	6b		
13	13	48	48	2.0	0	0	Chord	4/4	9	1	1/2		1/2	1	250					
13	13	50	50	0.0	1/2	1/2	FiguredBass	4/4	9	1	0						1/2	5b		
13	13	50	50	2.0	1/2	1/2	Chord	4/4	9	1	1/2		1/2	1	251					
13	13	48	48	2.0	0	0	Chord	4/4	10	1	1/2		1/2	1	252					
13	13	50	50	2.0	1/2	1/2	Chord	4/4	10	1	1/2		1/2	1	253					
14	14	52	52	2.0	0	0	Chord	4/4	1	1	1/2		1/2	1	254					
14	14	54	54	2.0	1/2	1/2	Chord	4/4	1	1	1/2		1/2	1	255					
14	14	52	52	2.0	0	0	Chord	4/4	2	1	1/2		1/2	1	256					
14	14	54	54	1.0	1/2	1/2	Chord	4/4	2	1	1/4		1/4	1	257					12
14	14	55	55	1.0	3/4	3/4	Chord	4/4	2	1	1/4		1/4	1	258					
14	14	52	52	2.0	0	0	Chord	4/4	3	1	1/2		1/2	1	259					
14	14	54	54	2.0	1/2	1/2	Chord	4/4	3	1	1/2		1/2	1	260					
14	14	52	52	2.0	0	0	Chord	4/4	4	1	1/2		1/2	1	261					
14	14	54	54	2.0	1/2	1/2	Chord	4/4	4	1	1/2		1/2	1	262					
14	14	52	52	2.0	0	0	Chord	4/4	5	1	1/2		1/2	1	263					
14	14	54	54	2.0	1/2	1/2	Chord	4/4	5	1	1/2		1/2	1	264					
14	14	52	52	2.0	0	0	Chord	4/4	5	2	1/2		1/2	1	265					
14	14	54	54	2.0	1/2	1/2	Chord	4/4	5	2	1/2		1/2	1	266					
14	14	52	52	2.0	0	0	Chord	4/4	5	3	1/2		1/2	1	267					
14	14	54	54	1.0	1/2	1/2	Chord	4/4	5	3	1/4		1/4	1	268					
14	14	55	55	1.0	3/4	3/4	Chord	4/4	5	3	1/4		1/4	1	269					
14	14	52	52	2.0	0	0	Chord	4/4	6	1	1/2		1/2	1	270					
14	14	54	54	2.0	1/2	1/2	Chord	4/4	6	1	1/2		1/2	1	271					
14	14	52	52	2.0	0	0	Chord	4/4	9	1	1/2		1/2	1	272					
14	14	54	54	0.0	1/2	1/2	FiguredBass	4/4	9	1	0						1/2	2		
14	14	54	54	2.0	1/2	1/2	Chord	4/4	9	1	1/2		1/2	1	273					
14	14	52	52	2.0	0	0	Chord	4/4	10	1	1/2		1/2	1	274					
14	14	54	54	2.0	1/2	1/2	Chord	4/4	10	1	1/2		1/2	1	275					
15	15	56	56	3.0	0	0	Chord	4/4	1	1	3/4		1/2	3/2	276					
15	15	59	59	1.0	3/4	3/4	Chord	4/4	1	1	1/4		1/4	1	277					
15	15	56	56	1.0	0	0	Chord	4/4	2	1	1/4		1/4	1	278					13
15	15	57	57	0.5	1/4	1/4	Chord	4/4	2	1	1/8		1/8	1	279					13
15	15	115/2	115/2	0.5	3/8	3/8	Chord	4/4	2	1	1/8		1/8	1	280					
15	15	58	58	2.0	1/2	1/2	Chord	4/4	2	1	1/2		1/2	1	281					
15	15	56	56	3.0	0	0	Chord	4/4	3	1	3/4		1/2	3/2	282					
15	15	59	59	1.0	3/4	3/4	Chord	4/4	3	1	1/4		1/4	1	283					
15	15	56	56	2.0	0	0	Chord	4/4	4	1	1/2		1/2	1	284					
15	15	58	58	2.0	1/2	1/2	Chord	4/4	4	1	1/2		1/2	1	285					
15	15	56	56	3.0	0	0	Chord	4/4	5	1	3/4		1/2	3/2	286					
15	15	59	59	1.0	3/4	3/4	Chord	4/4	5	1	1/4		1/4	1	287					
15	15	56	56	3.0	0	0	Chord	4/4	5	2	3/4		1/2	3/2	288					
15	15	59	59	1.0	3/4	3/4	Chord	4/4	5	2	1/4		1/4	1	289					
15	15	56	56	1.0	0	0	Chord	4/4	5	3	1/4		1/4	1	290					
15	15	57	57	0.5	1/4	1/4	Chord	4/4	5	3	1/8		1/8	1	291					
15	15	115/2	115/2	0.5	3/8	3/8	Chord	4/4	5	3	1/8		1/8	1	292					
15	15	58	58	2.0	1/2	1/2	Chord	4/4	5	3	1/2		1/2	1	293					
15	15	56	56	4.0	0	0	Chord	4/4	6	1	1		1	1	294					
15	15	56	56	0.0	0	0	FiguredBass	4/4	9	1	0						3/4	7		
15	15	56	56	3.0	0	0	Chord	4/4	9	1	3/4		1/2	3/2	295					
15	15	59	59	0.0	3/4	3/4	FiguredBass	4/4	9	1	0						1/4	6		
15	15	59	59	1.0	3/4	3/4	Chord	4/4	9	1	1/4		1/4	1	296					
15	15	56	56	4.0	0	0	Chord	4/4	10	1	1		1	1	297					
16	16	60	60	0.0	0	0	Chord	4/4	1	1	0	grace4	1/4	1	298					
16	16	60	60	2.0	0	0	Chord	4/4	1	1	1/2		1/2	1	299					
16	16	62	62	2.0	1/2	1/2	Chord	4/4	1	1	1/2		1/2	1	300					
16	16	60	60	1.0	0	0	Chord	4/4	2	1	1/4		1/4	1	301					14
16	16	61	61	1.0	1/4	1/4	Chord	4/4	2	1	1/4		1/4	1	302					
16	16	62	62	2.0	1/2	1/2	Chord	4/4	2	1	1/2		1/2	1	303					
16	16	60	60	1.0	0	0	Chord	4/4	3	1	1/4		1/4	1	304					15
16	16	61	61	1.0	1/4	1/4	Chord	4/4	3	1	1/4		1/4	1	305					
16	16	62	62	2.0	1/2	1/2	Chord	4/4	3	1	1/2		1/2	1	306					
16	16	60	60	2.0	0	0	Chord	4/4	4	1	1/2		1/2	1	307					
16	16	62	62	2.0	1/2	1/2	Chord	4/4	4	1	1/2		1/2	1	308					
16	16	60	60	0.0	0	0	Chord	4/4	5	1	0	grace4	1/4	1	309					
16	16	60	60	2.0	0	0	Chord	4/4	5	1	1/2		1/2	1	310					
16	16	62	62	2.0	1/2	1/2	Chord	4/4	5	1	1/2		1/2	1	311					
16	16	60	60	1.0	0	0	Chord	4/4	5	2	1/4		1/4	1	312					
16	16	61	61	1.0	1/4	1/4	Chord	4/4	5	2	1/4		1/4	1	313					
16	16	62	62	2.0	1/2	1/2	Chord	4/4	5	2	1/2		1/2	1	314					
16	16	60	60	1.0	0	0	Chord	4/4	5	3	1/4		1/4	1	315					
16	16	61	61	1.0	1/4	1/4	Chord	4/4	5	3	1/4		1/4	1	316					
16	16	62	62	2.0	1/2	1/2	Chord	4/4	5	3	1/2		1/2	1	317					
16	16	60	60	2.0	0	0	Chord	4/4	6	1	1/2		1/2	1	318					
16	16	62	62	2.0	1/2	1/2	Chord	4/4	6	1	1/2		1/2	1	319					
16	16	60	60	0.0	0	0	FiguredBass	4/4	9	1	0						1/2	7	b	
16	16	60	60	0.0	0	0	Chord	4/4	9	1	0	grace4	1/4	1	320					
16	16	60	60	2.0	0	0	Chord	4/4	9	1	1/2		1/2	1	321					
16	16	62	62	0.0	1/2	1/2	FiguredBass	4/4	9	1	0						1/2	6		
16	16	62	62	2.0	1/2	1/2	Chord	4/4	9	1	1/2		1/2	1	322					
16	16	64	64	0.0	1	1	FiguredBass	4/4	9	1	0						1/2	6		
16	16	60	60	2.0	0	0	Chord	4/4	10	1	1/2		1/2	1	323					
16	16	62	62	2.0	1/2	1/2	Chord	4/4	10	1	1/2		1/2	1	324					
17	17	64	64	2.0	0	0	Chord	4/4	1	1	1/2		1/2	1	325					
17	17	66	66	2.0	1/2	1/2	Chord	4/4	1	1	1/2		1/2	1	326					
17	17	64	64	2.0	0	0	Chord	4/4	2	1	1/2		1/2	1	327					
17	17	66	66	2.0	1/2	1/2	Chord	4/4	2	1	1/2		1/2	1	328					
17	17	64	64	2.0	0	0	Chord	4/4	3	1	1/2		1/2	1	329					
17	17	66	66	2.0	1/2	1/2	Chord	4/4	3	1	1/2		1/2	1	330					
17	17	64	64	2.0	0	0	Chord	4/4	4	1	1/2		1/2	1	331					
17	17	66	66	2.0	1/2	1/2	Chord	4/4	4	1	1/2		1/2	1	332					
17	17	64	64	2.0	0	0	Chord	4/4	5	1	1/2		1/2	1	333					
17	17	66	66	2.0	1/2	1/2	Chord	4/4	5	1	1/2		1/2	1	334					
17	17	64	64	2.0	0	0	Chord	4/4	5	2	1/2		1/2	1	335					
17	17	66	66	2.0	1/2	1/2	Chord	4/4	5	2	1/2		1/2	1	336					
17	17	64	64	2.0	0	0	Chord	4/4	5	3	1/2		1/2	1	337					
17	17	66	66	2.0	1/2	1/2	Chord	4/4	5	3	1/2		1/2	1	338					
17	17	64	64	2.0	0	0	Chord	4/4	6	1	1/2		1/2	1	339					
17	17	66	66	2.0	1/2	1/2	Chord	4/4	6	1	1/2		1/2	1	340					
17	17	64	64	0.0	0	0	FiguredBass	4/4	9	1	0						1/2	6		
17	17	64	64	2.0	0	0	Chord	4/4	9	1	1/2		1/2	1	341					
17	17	66	66	0.0	1/2	1/2	FiguredBass	4/4	9	1	0						1/2	6	4	
17	17	66	66	2.0	1/2	1/2	Chord	4/4	9	1	1/2		1/2	1	342					
17	17	64	64	2.0	0	0	Chord	4/4	10	1	1/2		1/2	1	343					
17	17	66	66	2.0	1/2	1/2	Chord	4/4	10	1	1/2		1/2	1	344					
18	18	68	68	3.0	0	0	Chord	4/4	1	1	3/4		1/2	3/2	345					
18	18	71	71	0.5	3/4	3/4	Chord	4/4	1	1	1/8		1/8	1	346					
18	18	143/2	143/2	0.5	7/8	7/8	Chord	4/4	1	1	1/8		1/8	1	347					
18	18	68	68	2.0	0	0	Chord	4/4	2	1	1/2		1/2	1	348					
18	18	70	70	1.0	1/2	1/2	Chord	4/4	2	1	1/4		1/4	1	349					16
18	18	71	71	1.0	3/4	3/4	Chord	4/4	2	1	1/4		1/4	1	350					
18	18	68	68	2.0	0	0	Chord	4/4	3	1	1/2		1/2	1	351					
18	18	70	70	2.0	1/2	1/2	Chord	4/4	3	1	1/2		1/2	1	352					
18	18	68	68	2.0	0	0	Chord	4/4	4	1	1/2		1/2	1	353					
18	18	70	70	2.0	1/2	1/2	Chord	4/4	4	1	1/2		1/2	1	354					
18	18	68	68	3.0	0	0	Chord	4/4	5	1	3/4		1/2	3/2	355					
18	18	71	71	0.5	3/4	3/4	Chord	4/4	5	1	1/8		1/8	1	356					
18	18	143/2	143/2	0.5	7/8	7/8	Chord	4/4	5	1	1/8		1/8	1	357					
18	18	68	68	2.0	0	0	Chord	4/4	5	2	1/2		1/2	1	358					
18	18	70	70	2.0	1/2	1/2	Chord	4/4	5	2	1/2		1/2	1	359					
18	18	68	68	2.0	0	0	Chord	4/4	5	3	1/2		1/2	1	360					
18	18	70	70	2.0	1/2	1/2	Chord	4/4	5	3	1/2		1/2	1	361					
18	18	68	68	2.0	0	0	Chord	4/4	6	1	1/2		1/2	1	362					
18	18	70	70	2.0	1/2	1/2	Chord	4/4	6	1	1/2		1/2	1	363					
18	18	68	68	0.0	0	0	FiguredBass	4/4	9	1	0						3/4	6	5	
18	18	68	68	3.0	0	0	Chord	4/4	9	1	3/4		1/2	3/2	364					
18	18	71	71	0.0	3/4	3/4	FiguredBass	4/4	9	1	0						1/8	4		
18	18	71	71	0.5	3/4	3/4	Chord	4/4	9	1	1/8		1/8	1	365					
18	18	143/2	143/2	0.5	7/8	7/8	Chord	4/4	9	1	1/8		1/8	1	366					
18	18	68	68	2.0	0	0	Chord	4/4	10	1	1/2		1/2	1	367					
18	18	70	70	2.0	1/2	1/2	Chord	4/4	10	1	1/2		1/2	1	368					
19	19	72	72	1.5	0	0	Chord	4/4	1	1	3/8		1/4	3/2	369					17
19	19	147/2	147/2	0.5	3/8	3/8	Chord	4/4	1	1	1/8		1/8	1	370					
19	19	74	74	2.0	1/2	1/2	Chord	4/4	1	1	1/2		1/2	1	371					
19	19	72	72	1.0	0	0	Chord	4/4	2	1	1/4		1/4	1	372					18
19	19	73	73	2.0	1/4	1/4	Chord	4/4	2	1	1/2		1/2	1	373					
19	19	75	75	1.0	3/4	3/4	Chord	4/4	2	1	1/4		1/4	1	374					
19	19	72	72	2.0	0	0	Chord	4/4	3	1	1/2		1/2	1	375					
19	19	74	74	2.0	1/2	1/2	Chord	4/4	3	1	1/2		1/2	1	376					
19	19	72	72	2.0	0	0	Chord	4/4	4	1	1/2		1/2	1	377					
19	19	74	74	2.0	1/2	1/2	Chord	4/4	4	1	1/2		1/2	1	378					
19	19	72	72	1.5	0	0	Chord	4/4	5	1	3/8		1/4	3/2	379					19
19	19	147/2	147/2	0.5	3/8	3/8	Chord	4/4	5	1	1/8		1/8	1	380					
19	19	74	74	2.0	1/2	1/2	Chord	4/4	5	1	1/2		1/2	1	381					
19	19	72	72	2.0	0	0	Chord	4/4	5	2	1/2		1/2	1	382					
19	19	74	74	2.0	1/2	1/2	Chord	4/4	5	2	1/2		1/2	1	383					
19	19	72	72	2.0	0	0	Chord	4/4	5	3	1/2		1/2	1	384					
19	19	74	74	2.0	1/2	1/2	Chord	4/4	5	3	1/2		1/2	1	385					
19	19	72	72	2.0	0	0	Chord	4/4	6	1	1/2		1/2	1	386					
19	19	74	74	2.0	1/2	1/2	Chord	4/4	6	1	1/2		1/2	1	387					
19	19	72	72	0.0	0	0	FiguredBass	4/4	9	1	0						3/8	6		
19	19	72	72	1.5	0	0	Chord	4/4	9	1	3/8		1/4	3/2	388					20
19	19	147/2	147/2	0.5	3/8	3/8	Chord	4/4	9	1	1/8		1/8	1	389					
19	19	74	74	2.0	1/2	1/2	Chord	4/4	9	1	1/2		1/2	1	390					
19	19	72	72	2.0	0	0	Chord	4/4	10	1	1/2		1/2	1	391					
19	19	74	74	2.0	1/2	1/2	Chord	4/4	10	1	1/2		1/2	1	392					
20	20	76	76	2.0	0	0	Chord	4/4	1	1	1/2		1/2	1	393					
20	20	78	78	2.0	1/2	1/2	Chord	4/4	1	1	1/2		1/2	1	394					
20	20	76	76	2.0	0	0	Chord	4/4	2	1	1/2		1/2	1	395					
20	20	78	78	2.0	1/2	1/2	Chord	4/4	2	1	1/2		1/2	1	396					
20	20	76	76	2.0	0	0	Chord	4/4	3	1	1/2		1/2	1	397					
20	20	78	78	2.0	1/2	1/2	Chord	4/4	3	1	1/2		1/2	1	398					
20	20	76	76	2.0	0	0	Chord	4/4	4	1	1/2		1/2	1	399					
20	20	78	78	2.0	1/2	1/2	Chord	4/4	4	1	1/2		1/2	1	400					
20	20	76	76	2.0	0	0	Chord	4/4	5	1	1/2		1/2	1	401					
20	20	78	78	2.0	1/2	1/2	Chord	4/4	5	1	1/2		1/2	1	402					
20	20	76	76	2.0	0	0	Chord	4/4	5	2	1/2		1/2	1	403					
20	20	78	78	2.0	1/2	1/2	Chord	4/4	5	2	1/2		1/2	1	404					
20	20	76	76	2.0	0	0	Chord	4/4	5	3	1/2		1/2	1	405					
20	20	78	78	2.0	1/2	1/2	Chord	4/4	5	3	1/2		1/2	1	406					
20	20	76	76	4.0	0	0	Chord	4/4	6	1	1		1	1	407					
20	20	76	76	0.0	0	0	FiguredBass	4/4	9	1	0						1/2	6	4	
20	20	76	76	2.0	0	0	Chord	4/4	9	1	1/2		1/2	1	408					
20	20	78	78	0.0	1/2	1/2	FiguredBass	4/4	9	1	0						1/2	5	#	
20	20	78	78	2.0	1/2	1/2	Chord	4/4	9	1	1/2		1/2	1	409					
20	20	76	76	4.0	0	0	Chord	4/4	10	1	1		1	1	410					
21	21	80	80	2.0	0	0	Chord	4/4	1	1	1/2		1/2	1	411					
21	21	82	82	2.0	1/2	1/2	Chord	4/4	1	1	1/2		1/2	1	412					
21	21	80	80	2.0	0	0	Chord	4/4	2	1	1/2		1/2	1	413					
21	21	82	82	2.0	1/2	1/2	Chord	4/4	2	1	1/2		1/2	1	414					
21	21	80	80	2.0	0	0	Chord	4/4	3	1	1/2		1/2	1	415					
21	21	82	82	2.0	1/2	1/2	Chord	4/4	3	1	1/2		1/2	1	416					
21	21	80	80	2.0	0	0	Chord	4/4	4	1	1/2		1/2	1	417					
21	21	82	82	2.0	1/2	1/2	Chord	4/4	4	1	1/2		1/2	1	418					
21	21	80	80	2.0	0	0	Chord	4/4	5	1	1/2		1/2	1	419					
21	21	82	82	2.0	1/2	1/2	Chord	4/4	5	1	1/2		1/2	1	420					
21	21	80	80	2.0	0	0	Chord	4/4	5	2	1/2		1/2	1	421					
21	21	82	82	2.0	1/2	1/2	Chord	4/4	5	2	1/2		1/2	1	422					
21	21	80	80	2.0	0	0	Chord	4/4	5	3	1/2		1/2	1	423					
21	21	82	82	2.0	1/2	1/2	Chord	4/4	5	3	1/2		1/2	1	424					
21	21	80	80	2.0	0	0	Chord	4/4	5	4	1/2		1/2	1	425					
21	21	82	82	2.0	1/2	1/2	Chord	4/4	5	4	1/2		1/2	1	426					
21	21	80	80	2.0	0	0	Chord	4/4	6	1	1/2		1/2	1	427					
21	21	82	82	2.0	1/2	1/2	Chord	4/4	6	1	1/2		1/2	1	428					
21	21	80	80	2.0	0	0	Chord	4/4	6	2	1/2		1/2	1	429					
21	21	82	82	2.0	1/2	1/2	Chord	4/4	6	2	1/2		1/2	1	430					
21	21	80	80	2.0	0	0	Chord	4/4	6	3	1/2		1/2	1	431					
21	21	82	82	2.0	1/2	1/2	Chord	4/4	6	3	1/2		1/2	1	432					
21	21	80	80	0.0	0	0	FiguredBass	4/4	9	1	0						1/2	7		
21	21	80	80	2.0	0	0	Chord	4/4	9	1	1/2		1/2	1	433					
21	21	82	82	0.0	1/2	1/2	FiguredBass	4/4	9	1	0						1/2	6	5h	
21	21	82	82	2.0	1/2	1/2	Chord	4/4	9	1	1/2		1/2	1	434					
21	21	80	80	2.0	0	0	Chord	4/4	10	1	1/2		1/2	1	435					
21	21	82	82	2.0	1/2	1/2	Chord	4/4	10	1	1/2		1/2	1	436					
22	22	84	84	2.0	0	0	Chord	4/4	1	1	1/2		1/2	1	437					
22	22	86	86	2.0	1/2	1/2	Chord	4/4	1	1	1/2		1/2	1	438					
22	22	84	84	2.0	0	0	Chord	4/4	2	1	1/2		1/2	1	439					
22	22	86	86	2.0	1/2	1/2	Chord	4/4	2	1	1/2		1/2	1	440					
22	22	84	84	2.0	0	0	Chord	4/4	3	1	1/2		1/2	1	441					
22	22	86	86	2.0	1/2	1/2	Chord	4/4	3	1	1/2		1/2	1	442					
22	22	84	84	2.0	0	0	Chord	4/4	4	1	1/2		1/2	1	443					
22	22	86	86	2.0	1/2	1/2	Chord	4/4	4	1	1/2		1/2	1	444					
22	22	84	84	2.0	0	0	Chord	4/4	5	1	1/2		1/2	1	445					
22	22	86	86	2.0	1/2	1/2	Chord	4/4	5	1	1/2		1/2	1	446					
22	22	84	84	2.0	0	0	Chord	4/4	5	2	1/2		1/2	1	447					
22	22	86	86	2.0	1/2	1/2	Chord	4/4	5	2	1/2		1/2	1	448					
22	22	84	84	2.0	0	0	Chord	4/4	5	3	1/2		1/2	1	449					
22	22	86	86	2.0	1/2	1/2	Chord	4/4	5	3	1/2		1/2	1	450					
22	22	84	84	2.0	0	0	Chord	4/4	5	4	1/2		1/2	1	451					
22	22	86	86	2.0	1/2	1/2	Chord	4/4	5	4	1/2		1/2	1	452					
22	22	84	84	2.0	0	0	Chord	4/4	6	1	1/2		1/2	1	453					
22	22	86	86	2.0	1/2	1/2	Chord	4/4	6	1	1/2		1/2	1	454					
22	22	84	84	2.0	0	0	Chord	4/4	6	2	1/2		1/2	1	455					
22	22	86	86	2.0	1/2	1/2	Chord	4/4	6	2	1/2		1/2	1	456					
22	22	84	84	2.0	0	0	Chord	4/4	6	3	1/2		1/2	1	457					
22	22	86	86	2.0	1/2	1/2	Chord	4/4	6	3	1/2		1/2	1	458					
22	22	84	84	0.0	0	0	FiguredBass	4/4	9	1	0						1/2	6		
22	22	84	84	2.0	0	0	Chord	4/4	9	1	1/2		1/2	1	459					
22	22	86	86	0.0	1/2	1/2	FiguredBass	4/4	9	1	0						1/2	6		
22	22	86	86	2.0	1/2	1/2	Chord	4/4	9	1	1/2		1/2	1	460					
22	22	84	84	2.0	0	0	Chord	4/4	10	1	1/2		1/2	1	461					
22	22	86	86	2.0	1/2	1/2	Chord	4/4	10	1	1/2		1/2	1	462					
23	23	88	88	2.0	0	0	Chord	4/4	1	1	1/2		1/2	1	463					21
23	23	90	90	0.5	1/2	1/2	Chord	4/4	1	1	1/8		1/8	1	464	ornamentTremblement				21
23	23	181/2	181/2	0.5	5/8	5/8	Chord	4/4	1	1	1/8		1/8	1	465					
23	23	91	91	1.0	3/4	3/4	Chord	4/4	1	1	1/4		1/4	1	466					
23	23	88	88	2.0	0	0	Chord	4/4	2	1	1/2		1/2	1	467					
23	23	90	90	2.0	1/2	1/2	Chord	4/4	2	1	1/2		1/2	1	468					
23	23	88	88	2.0	0	0	Chord	4/4	3	1	1/2		1/2	1	469					
23	23	90	90	2.0	1/2	1/2	Chord	4/4	3	1	1/2		1/2	1	470	ornamentTremblement				
23	23	88	88	2.0	0	0	Chord	4/4	4	1	1/2		1/2	1	471					
23	23	90	90	2.0	1/2	1/2	Chord	4/4	4	1	1/2		1/2	1	472					
23	23	88	88	2.0	0	0	Chord	4/4	4	2	1/2		1/2	1	473					
23	23	90	90	2.0	1/2	1/2	Chord	4/4	4	2	1/2		1/2	1	474					
23	23	88	88	2.0	0	0	Chord	4/4	5	1	1/2		1/2	1	475					22
23	23	90	90	0.5	1/2	1/2	Chord	4/4	5	1	1/8		1/8	1	476					22
23	23	181/2	181/2	0.5	5/8	5/8	Chord	4/4	5	1	1/8		1/8	1	477					
23	23	91	91	1.0	3/4	3/4	Chord	4/4	5	1	1/4		1/4	1	478					
23	23	88	88	2.0	0	0	Chord	4/4	5	2	1/2		1/2	1	479					
23	23	90	90	2.0	1/2	1/2	Chord	4/4	5	2	1/2		1/2	1	480					
23	23	88	88	2.0	0	0	Chord	4/4	5	3	1/2		1/2	1	481					
23	23	90	90	2.0	1/2	1/2	Chord	4/4	5	3	1/2		1/2	1	482					
23	23	88	88	2.0	0	0	Chord	4/4	6	1	1/2		1/2	1	483					
23	23	90	90	2.0	1/2	1/2	Chord	4/4	6	1	1/2		1/2	1	484					
23	23	88	88	0.0	0	0	FiguredBass	4/4	9	1	0						1/2	6	4	
23	23	88	88	2.0	0	0	Chord	4/4	9	1	1/2		1/2	1	485					23
23	23	90	90	0.0	1/2	1/2	FiguredBass	4/4	9	1	0						1/8	5	#	23
23	23	90	90	0.5	1/2	1/2	Chord	4/4	9	1	1/8		1/8	1	486	ornamentTremblement				23
23	23	181/2	181/2	0.5	5/8	5/8	Chord	4/4	9	1	1/8		1/8	1	487					
23	23	91	91	1.0	3/4	3/4	Chord	4/4	9	1	1/4		1/4	1	488					
23	23	88	88	2.0	0	0	Chord	4/4	10	1	1/2		1/2	1	489					
23	23	90	90	2.0	1/2	1/2	Chord	4/4	10	1	1/2		1/2	1	490					
24	24	92	92	4.0	0	0	Chord	4/4	1	1	1		1	1	491					
24	24	92	92	4.0	0	0	Chord	4/4	2	1	1		1	1	492					
24	24	92	92	4.0	0	0	Chord	4/4	3	1	1		1	1	493					
24	24	92	92	4.0	0	0	Chord	4/4	4	1	1		1	1	494					
24	24	92	92	4.0	0	0	Chord	4/4	5	1	1		1	1	495					
24	24	92	92	4.0	0	0	Chord	4/4	5	2	1		1	1	496					
24	24	92	92	4.0	0	0	Chord	4/4	5	3	1		1	1	497					
24	24	92	92	4.0	0	0	Chord	4/4	6	1	1		1	1	498					
24	24	92	92	4.0	0	0	Chord	4/4	9	1	1		1	1	499					
24	24	92	92	4.0	0	0	Chord	4/4	10	1	1		1	1	500					
