piece	TimeSig	KeySig	last_mc	last_mn	length_qb	last_mc_unfolded	last_mn_unfolded	length_qb_unfolded	all_notes_qb	n_onsets	n_onset_positions	guitar_chord_count	form_label_count	label_count	composer	workTitle	movementNumber	movementTitle	workNumber	poet	lyricist	arranger	copyright	creationDate	platform	source	translator	title_text	musescore	ms3_version	subdirectory	rel_path	has_drumset	ambitus	originalFormat	staff_1_instrument	staff_1_ambitus	staff_2_instrument	staff_2_ambitus	staff_3_instrument	staff_3_ambitus	staff_4_instrument	staff_4_ambitus	staff_5_instrument	staff_5_ambitus	staff_6_instrument	staff_6_ambitus	staff_7_instrument	staff_7_ambitus	staff_8_instrument	staff_8_ambitus	staff_9_instrument	staff_9_ambitus	staff_10_instrument	staff_10_ambitus
01_Ach!_Herre_from	1: 4/4	1: 0	17	17	64.0	17	17	64.0	646.0	317	35	0	0	0		Choral Bog		Ach! Herre from						2025-01-28	Linux			"<font size=""22""/>1. Ach! Herre from"	3.6.2	2.5.3	MS3	MS3/01_Ach!_Herre_from.mscx	False	43-76 (G2-E5)	mxl	Soprano	67-76 (G4-E5)	Alto	60-69 (C4-A4)	Tenor	53-64 (F3-E4)	Bass	43-55 (G2-G3)	Piano 1	59-76 (B3-E5)	Piano 1	43-64 (G2-E4)	Piano 2	67-76 (G4-E5)	Piano 2	43-55 (G2-G3)				
02_Af_Adams_Fald_er_plat_forderv't	1: 4/4	1: 0	26	26	96.0	35	35	128.0	968.0	474	54	0	0	0		Choral Bog		Af Adams Fald er plat forderv't						2025-01-28	Linux			"<font size=""22""/>2. Af Adams Fald er plat forderv’t"	3.6.2	2.5.3	MS3	MS3/02_Af_Adams_Fald_er_plat_forderv't.mscx	False	41-76 (F2-E5)	mxl	Soprano	62-76 (D4-E5)	Alto	60-69 (C4-A4)	Tenor	53-64 (F3-E4)	Bass	41-53 (F2-F3)	Piano 1	57-76 (A3-E5)	Piano 1	41-64 (F2-E4)	Piano 2	62-76 (D4-E5)	Piano 2	41-53 (F2-F3)				
03_Af_dybeﬅe_Nød_lader_os_til_Gud	1: 4/4	1: 1	22	22	80.0	31	31	112.0	822.0	440	53	0	0	0		Choral Bog		Af dybeﬅe Nød lader os til Gud						2025-01-28	Linux			"<font size=""22""/>3. Af dybeﬅe Nød lader os til Gud"	3.6.2	2.5.3	MS3	MS3/03_Af_dybeﬅe_Nød_lader_os_til_Gud.mscx	False	42-74 (F#2-D5)	mxl	Soprano	62-74 (D4-D5)	Alto	59-69 (B3-A4)	Tenor	54-64 (F#3-E4)	Bass	42-55 (F#2-G3)	Piano 1	59-74 (B3-D5)	Piano 1	42-64 (F#2-E4)	Piano 2	62-74 (D4-D5)	Piano 2	42-55 (F#2-G3)				
04_Af_dybeﬅe_Nød_raaber_jeg_til_dig	1: 4/4	1: 0	22	22	80.0	31	31	112.0	810.0	439	53	0	0	0		Choral Bog		Af dybeﬅe Nød raaber jeg til dig						2025-01-28	Linux			"<font size=""22""/>4. Af dybeﬅe Nød raaber jeg til dig"	3.6.2	2.5.3	MS3	MS3/04_Af_dybeﬅe_Nød_raaber_jeg_til_dig.mscx	False	43-74 (G2-D5)	mxl	Soprano	64-74 (E4-D5)	Alto	59-69 (B3-A4)	Tenor	52-65 (E3-F4)	Bass	43-57 (G2-A3)	Piano 1	59-74 (B3-D5)	Piano 1	43-64 (G2-E4)	Piano 2	64-74 (E4-D5)	Piano 2	43-57 (G2-A3)				
05_Af_Høyheden_oprunden_er	1: 4/4	1: 2	29	29	112.0	42	42	162.0	1112.0	535	71	0	0	0		Choral Bog		Af Høyheden oprunden er						2025-01-28	Linux			"<font size=""22""/>5. Af Høyheden oprunden er"	3.6.2	2.5.3	MS3	MS3/05_Af_Høyheden_oprunden_er.mscx	False	42-74 (F#2-D5)	mxl	Soprano	62-74 (D4-D5)	Alto	61-71 (C#4-B4)	Tenor	52-66 (E3-F#4)	Bass	42-59 (F#2-B3)	Piano 1	57-74 (A3-D5)	Piano 1	42-62 (F#2-D4)	Piano 2	62-74 (D4-D5)	Piano 2	42-57 (F#2-A3)				
06_Af_Kierlighed_min_Ven	1: 4/4	1: -3	23	23	84.0	35	35	128.0	844.0	400	43	0	0	0		Choral Bog		Af Kierlighed min Ven						2025-01-28	Linux			"<font size=""22""/>6. Af Kierlighed min Ven"	3.6.2	2.5.3	MS3	MS3/06_Af_Kierlighed_min_Ven.mscx	False	43-75 (G2-Eb5)	mxl	Soprano	63-75 (Eb4-Eb5)	Alto	62-68 (D4-Ab4)	Tenor	55-65 (G3-F4)	Bass	43-55 (G2-G3)	Piano 1	58-75 (Bb3-Eb5)	Piano 1	43-64 (G2-E4)	Piano 2	63-75 (Eb4-Eb5)	Piano 2	43-55 (G2-G3)				
07_Alleene_til_dig_Herre_Jeſu_Chriſt	1: 4/4	1: -2	28	28	104.0	37	37	136.0	1046.0	563	77	0	0	0		Choral Bog		A﬉eene til dig Herre Jeſu Chriſt						2025-01-28	Linux			"<font size=""22""/>7. A﬉eene til dig Herre Jeſu Chriſt"	3.6.2	2.5.3	MS3	MS3/07_Alleene_til_dig_Herre_Jeſu_Chriſt.mscx	False	43-75 (G2-Eb5)	mxl	Soprano	62-75 (D4-Eb5)	Alto	58-69 (Bb3-A4)	Tenor	51-65 (Eb3-F4)	Bass	43-58 (G2-Bb3)	Piano 1	58-75 (Bb3-Eb5)	Piano 1	43-65 (G2-F4)	Piano 2	62-75 (D4-Eb5)	Piano 2	43-58 (G2-Bb3)				
08_Alleeneﬅe_Gud_i_Himmerig	1: 3/2	1: 1	22	22	120.0	31	31	168.0	1216.0	438	49	0	0	0		Choral Bog		A﬉eeneﬅe Gud i Himmerig						2025-01-28	Linux			"<font size=""22""/>8. A﬉eeneﬅe Gud i Himmerig"	3.6.2	2.5.3	MS3	MS3/08_Alleeneﬅe_Gud_i_Himmerig.mscx	False	43-74 (G2-D5)	mxl	Soprano	66-74 (F#4-D5)	Alto	62-69 (D4-A4)	Tenor	57-66 (A3-F#4)	Bass	43-55 (G2-G3)	Piano 1	57-74 (A3-D5)	Piano 1	43-64 (G2-E4)	Piano 2	66-74 (F#4-D5)	Piano 2	43-55 (G2-G3)				
09_Bryd_Jeſu!_Bryd_det_Aag	1: 4/4	1: -1	37	37	140.0	49	49	184.0	1356.0	696	88	0	0	0		Choral Bog		Bryd Jeſu! Bryd det Aag						2025-01-28	Linux			"<font size=""22""/>9. Bryd Jeſu! Bryd det Aag"	3.6.2	2.5.3	MS3	MS3/09_Bryd_Jeſu!_Bryd_det_Aag.mscx	False	42-75 (F#2-Eb5)	mxl	Soprano	62-75 (D4-Eb5)	Alto	55-69 (G3-A4)	Tenor	52-63 (E3-Eb4)	Bass	42-60 (F#2-C4)	Piano 1	57-75 (A3-Eb5)	Piano 1	42-63 (F#2-Eb4)	Piano 2	62-75 (D4-Eb5)	Piano 2	42-55 (F#2-G3)				
100_Vør_Herres_Jeſu_Chriſti_Fred	1: 3/2	1: -1	29	29	168.0	29	29	168.0	1684.0	579	72	0	0	0		Choral Bog		Vør Herres Jeſu Chriſti Fred						2025-01-28	Linux			"<font size=""22""/>98. Vør Herres Jeſu Chriſti Fred"	3.6.2	2.5.3	MS3	MS3/100_Vør_Herres_Jeſu_Chriſti_Fred.mscx	False	41-77 (F2-F5)	mxl	Soprano	65-77 (F4-F5)	Alto	60-69 (C4-A4)	Tenor	55-64 (G3-E4)	Bass	41-60 (F2-C4)	Piano 1	54-77 (F#3-F5)	Piano 1	41-60 (F2-C4)	Piano 2	65-77 (F4-F5)	Piano 2	41-60 (F2-C4)				
101_Vor_Jeſus_kan_ey_noget_Herberg	1: 4/4	1: 0	25	25	92.0	37	37	136.0	900.0	443	49	0	0	0		Choral Bog		Vor Jeſus kan ey noget Herberg						2025-01-28	Linux			"<font size=""22""/>99. Vor Jeſus kan ey noget Herberg"	3.6.2	2.5.3	MS3	MS3/101_Vor_Jeſus_kan_ey_noget_Herberg.mscx	False	43-77 (G2-F5)	mxl	Soprano	64-77 (E4-F5)	Alto	62-71 (D4-B4)	Tenor	56-65 (G#3-F4)	Bass	43-60 (G2-C4)	Piano 1	56-77 (G#3-F5)	Piano 1	44-60 (G#2-C4)	Piano 2	64-77 (E4-F5)	Piano 2	43-60 (G2-C4)				
102_Vreden_din_afvend_Herre_Gud!	1: 4/4	1: -2	22	22	84.0	22	22	84.0	858.0	415	49	0	0	0		Choral Bog		Vreden din afvend, Herre Gud!						2025-01-28	Linux			"<font size=""22""/>100. Vreden din afvend, Herre Gud!"	3.6.2	2.5.3	MS3	MS3/102_Vreden_din_afvend_Herre_Gud!.mscx	False	41-74 (F2-D5)	mxl	Soprano	65-74 (F4-D5)	Alto	58-67 (Bb3-G4)	Tenor	53-64 (F3-E4)	Bass	41-58 (F2-Bb3)	Piano 1	57-74 (A3-D5)	Piano 1	41-64 (F2-E4)	Piano 2	65-74 (F4-D5)	Piano 2	41-55 (F2-G3)				
10_Chriſtus_kom_ſelv_til_Jordans_Flod	1: 4/4	1: 0	30	30	112.0	39	39	144.0	1136.0	578	75	0	0	0		Choral Bog		Chriſtus kom ſelv til Jordans Flod						2025-01-28	Linux			"<font size=""22""/>10. Chriſtus kom ſelv til Jordans Flod"	3.6.2	2.5.3	MS3	MS3/10_Chriſtus_kom_ſelv_til_Jordans_Flod.mscx	False	41-76 (F2-E5)	mxl	Soprano	62-76 (D4-E5)	Alto	57-69 (A3-A4)	Tenor	50-64 (D3-E4)	Bass	41-57 (F2-A3)	Piano 1	57-76 (A3-E5)	Piano 1	41-64 (F2-E4)	Piano 2	62-76 (D4-E5)	Piano 2	41-57 (F2-A3)				
11_Den_lyse_Dag_forgangen_er	1: 3/2	1: -1	20	20	114.0	20	20	114.0	1144.0	436	55	0	0	0		Choral Bog		Den lyse Dag forgangen er						2025-01-28	Linux			"<font size=""22""/>11. Den lyse Dag forgangen er"	3.6.2	2.5.3	MS3	MS3/11_Den_lyse_Dag_forgangen_er.mscx	False	43-74 (G2-D5)	mxl	Soprano	62-74 (D4-D5)	Alto	58-70 (Bb3-Bb4)	Tenor	53-65 (F3-F4)	Bass	43-58 (G2-Bb3)	Piano 1	53-74 (F3-D5)	Piano 1	43-58 (G2-Bb3)	Piano 2	62-74 (D4-D5)	Piano 2	43-58 (G2-Bb3)				
12_Den_prægtig'_Soel_ſom_heele_Verden_glæder	1: 4/4	1: -2	32	32	124.0	32	32	124.0	1222.0	623	77	0	0	0		Choral Bog		Den prægtig' Soel ſom heele Verden glæder						2025-01-28	Linux			"<font size=""22""/>12. Den prægtig’ Soel ſom heele Verden glæder"	3.6.2	2.5.3	MS3	MS3/12_Den_prægtig'_Soel_ſom_heele_Verden_glæder.mscx	False	39-75 (Eb2-Eb5)	mxl	Soprano	60-75 (C4-Eb5)	Alto	58-72 (Bb3-C5)	Tenor	51-63 (Eb3-Eb4)	Bass	39-56 (Eb2-Ab3)	Piano 1	55-75 (G3-Eb5)	Piano 1	39-63 (Eb2-Eb4)	Piano 2	60-75 (C4-Eb5)	Piano 2	41-56 (F2-Ab3)				
13_Den_ſom_mig_føder_det_er_Gud_min_Herre	1: 4/4	1: -1	37	37	144.0	37	37	144.0	1460.0	691	81	0	0	0		Choral Bog		Den, ſom mig føder, det er Gud min Herre						2025-01-28	Linux			"<font size=""22""/>13. Den, ſom mig føder, det er Gud min Herre"	3.6.2	2.5.3	MS3	MS3/13_Den_ſom_mig_føder_det_er_Gud_min_Herre.mscx	False	42-74 (F#2-D5)	mxl	Soprano	62-74 (D4-D5)	Alto	57-69 (A3-A4)	Tenor	51-64 (Eb3-E4)	Bass	42-58 (F#2-Bb3)	Piano 1	57-74 (A3-D5)	Piano 1	42-64 (F#2-E4)	Piano 2	62-74 (D4-D5)	Piano 2	42-58 (F#2-Bb3)				
14_Du_høye_Fryd_for_reene_Siele	1: 4/4	1: 1	29	29	108.0	39	39	144.0	1032.0	533	60	0	0	0		Choral Bog		Du høye Fryd for reene Siele						2025-01-28	Linux			"<font size=""22""/>14. Du høye Fryd for reene Siele"	3.6.2	2.5.3	MS3	MS3/14_Du_høye_Fryd_for_reene_Siele.mscx	False	38-76 (D2-E5)	mxl	Soprano	62-76 (D4-E5)	Alto	57-71 (A3-B4)	Tenor	54-67 (F#3-G4)	Bass	38-59 (D2-B3)	Piano 1	57-76 (A3-E5)	Piano 1	43-64 (G2-E4)	Piano 2	62-76 (D4-E5)	Piano 2	38-59 (D2-B3)				
15_Eet_er_nødigt_dette_eene	1: 4/4	1: 3	27	27	108.0	35	35	140.0	1026.0	605	73	0	0	0		Choral Bog		Eet er nødigt, dette eene						2025-01-28	Linux			"<font size=""22""/>15. Eet er nødigt, dette eene"	3.6.2	2.5.3	MS3	MS3/15_Eet_er_nødigt_dette_eene.mscx	False	40-76 (E2-E5)	mxl	Soprano	64-76 (E4-E5)	Alto	59-71 (B3-B4)	Tenor	54-68 (F#3-G#4)	Bass	40-59 (E2-B3)	Piano 1	59-76 (B3-E5)	Piano 1	40-66 (E2-F#4)	Piano 2	64-76 (E4-E5)	Piano 2	40-59 (E2-B3)				
16_Et_Barn_er_fød_i_Bethlehem	1: 3/2	1: -1	15	15	84.0	15	15	84.0	858.0	310	33	0	0	0		Choral Bog		Et Barn er fød i Bethlehem.						2025-01-28	Linux			"<font size=""22""/>16. Et Barn er fød i Bethlehem."	3.6.2	2.5.3	MS3	MS3/16_Et_Barn_er_fød_i_Bethlehem.mscx	False	43-70 (G2-Bb4)	mxl	Soprano	65-70 (F4-Bb4)	Alto	60-67 (C4-G4)	Tenor	55-62 (G3-D4)	Bass	43-58 (G2-Bb3)	Piano 1	58-70 (Bb3-Bb4)	Piano 1	43-62 (G2-D4)	Piano 2	65-70 (F4-Bb4)	Piano 2	43-58 (G2-Bb3)				
17_Et_lidet_Barn_ſaa_lyſteligt	1: 4/4	1: 1	34	34	128.0	43	43	160.0	1288.0	722	89	0	0	0		Choral Bog		Et lidet Barn ſaa lyſteligt						2025-01-28	Linux			"<font size=""22""/>17. Et lidet Barn ſaa lyſteligt"	3.6.2	2.5.3	MS3	MS3/17_Et_lidet_Barn_ſaa_lyſteligt.mscx	False	42-76 (F#2-E5)	mxl	Soprano	62-76 (D4-E5)	Alto	57-69 (A3-A4)	Tenor	52-64 (E3-E4)	Bass	42-59 (F#2-B3)	Piano 1	57-76 (A3-E5)	Piano 1	42-64 (F#2-E4)	Piano 2	62-76 (D4-E5)	Piano 2	42-59 (F#2-B3)				
18_Et_troefaſt_Hierte_o_Herre_min	1: 4/4	1: -2	22	22	80.0	31	31	112.0	808.0	391	47	0	0	0		Choral Bog		Et troefaſt Hierte, o Herre min						2025-01-28	Linux			"<font size=""22""/>18. Et troefaſt Hierte, o Herre min"	3.6.2	2.5.3	MS3	MS3/18_Et_troefaſt_Hierte_o_Herre_min.mscx	False	41-74 (F2-D5)	mxl	Soprano	65-74 (F4-D5)	Alto	58-69 (Bb3-A4)	Tenor	53-64 (F3-E4)	Bass	41-55 (F2-G3)	Piano 1	60-74 (C4-D5)	Piano 1	41-60 (F2-C4)	Piano 2	65-74 (F4-D5)	Piano 2	41-55 (F2-G3)				
19_Fader_vor_udi_Himmerig	1: 4/4	1: 0	25	25	96.0	25	25	96.0	966.0	562	72	0	0	0		Choral Bog		Fader vor udi Himmerig						2025-01-28	Linux			"<font size=""22""/>19. Fader vor udi Himmerig"	3.6.2	2.5.3	MS3	MS3/19_Fader_vor_udi_Himmerig.mscx	False	41-77 (F2-F5)	mxl	Soprano	62-77 (D4-F5)	Alto	60-69 (C4-A4)	Tenor	52-65 (E3-F4)	Bass	41-57 (F2-A3)	Piano 1	57-77 (A3-F5)	Piano 1	41-73 (F2-C#5)	Piano 2	62-77 (D4-F5)	Piano 2	41-57 (F2-A3)				
20_Fra_Himmelen_høyt_komme_vi_nu_her	1: 4/4	1: 0	17	17	64.0	17	17	64.0	646.0	319	36	0	0	0		Choral Bog		Fra Himmelen høyt komme vi nu her						2025-01-28	Linux			"<font size=""22""/>20. Fra Himmelen høyt komme vi nu her"	3.6.2	2.5.3	MS3	MS3/20_Fra_Himmelen_høyt_komme_vi_nu_her.mscx	False	41-72 (F2-C5)	mxl	Soprano	60-72 (C4-C5)	Alto	59-69 (B3-A4)	Tenor	52-64 (E3-E4)	Bass	41-57 (F2-A3)	Piano 1	55-72 (G3-C5)	Piano 1	41-64 (F2-E4)	Piano 2	60-72 (C4-C5)	Piano 2	41-57 (F2-A3)				
21_Friſk_op_min_Siel!_forſage_ey	1: 3/2	1: 1	26	26	144.0	35	35	192.0	1464.0	495	55	0	0	0		Choral Bog		Friſk op, min Siel! forſage ey						2025-01-28	Linux			"<font size=""22""/>21. Friſk op, min Siel! forſage ey"	3.6.2	2.5.3	MS3	MS3/21_Friſk_op_min_Siel!_forſage_ey.mscx	False	43-76 (G2-E5)	mxl	Soprano	67-76 (G4-E5)	Alto	64-71 (E4-B4)	Tenor	59-67 (B3-G4)	Bass	43-55 (G2-G3)	Piano 1	59-76 (B3-E5)	Piano 1	43-67 (G2-G4)	Piano 2	67-76 (G4-E5)	Piano 2	43-55 (G2-G3)				
22_Fryd_dig_du_Chriſti_Brud	1: 4/4	1: 1	23	23	88.0	23	23	88.0	880.0	423	48	0	0	0		Choral Bog		Fryd dig du Chriſti Brud						2025-01-28	Linux			"<font size=""22""/>22. Fryd dig du Chriſti Brud"	3.6.2	2.5.3	MS3	MS3/22_Fryd_dig_du_Chriſti_Brud.mscx	False	43-74 (G2-D5)	mxl	Soprano	64-74 (E4-D5)	Alto	59-69 (B3-A4)	Tenor	54-66 (F#3-F#4)	Bass	43-55 (G2-G3)	Piano 1	59-74 (B3-D5)	Piano 1	43-66 (G2-F#4)	Piano 2	64-74 (E4-D5)	Piano 2	43-55 (G2-G3)				
23_Gud_Fader_udi_Himmerig	1: 4/4	1: 1	17	17	64.0	17	17	64.0	662.0	330	38	0	0	0		Choral Bog		Gud Fader udi Himmerig						2025-01-28	Linux			"<font size=""22""/>23. Gud Fader udi Himmerig"	3.6.2	2.5.3	MS3	MS3/23_Gud_Fader_udi_Himmerig.mscx	False	40-74 (E2-D5)	mxl	Soprano	62-74 (D4-D5)	Alto	59-69 (B3-A4)	Tenor	54-62 (F#3-D4)	Bass	40-59 (E2-B3)	Piano 1	54-74 (F#3-D5)	Piano 1	40-57 (E2-A3)	Piano 2	62-74 (D4-D5)	Piano 2	40-57 (E2-A3)				
24_Gud_give_vor_Konning	1: 4/4	1: -2	30	30	116.0	30	30	116.0	1180.0	582	65	0	0	0		Choral Bog		Gud give vor Konning						2025-01-28	Linux			"<font size=""22""/>24. Gud give vor Konning"	3.6.2	2.5.3	MS3	MS3/24_Gud_give_vor_Konning.mscx	False	38-77 (D2-F5)	mxl	Soprano	65-77 (F4-F5)	Alto	58-69 (Bb3-A4)	Tenor	53-62 (F3-D4)	Bass	38-58 (D2-Bb3)	Piano 1	58-77 (Bb3-F5)	Piano 1	41-67 (F2-G4)	Piano 2	65-77 (F4-F5)	Piano 2	38-58 (D2-Bb3)				
25_Guds_Godhed_ville_vi_priſe	1: 4/4	1: -1	23	23	84.0	31	31	112.0	850.0	407	45	0	0	0		Choral Bog		Guds Godhed ville vi priſe						2025-01-28	Linux			"<font size=""22""/>25. Guds Godhed ville vi priſe"	3.6.2	2.5.3	MS3	MS3/25_Guds_Godhed_ville_vi_priſe.mscx	False	42-74 (F#2-D5)	mxl	Soprano	62-74 (D4-D5)	Alto	58-70 (Bb3-Bb4)	Tenor	55-67 (G3-G4)	Bass	43-58 (G2-Bb3)	Piano 1	58-74 (Bb3-D5)	Piano 1	43-64 (G2-E4)	Piano 2	62-74 (D4-D5)	Piano 2	42-58 (F#2-Bb3)				
26_Guds_Søn_er_kommen_af_Himmelen_ned	1: 4/4	1: 2	22	22	80.0	31	31	112.0	810.0	416	49	0	0	0		Choral Bog		Guds Søn er kommen af Himmelen ned						2025-01-28	Linux			"<font size=""22""/>26. Guds Søn er kommen af Himmelen ned"	3.6.2	2.5.3	MS3	MS3/26_Guds_Søn_er_kommen_af_Himmelen_ned.mscx	False	42-74 (F#2-D5)	mxl	Soprano	62-74 (D4-D5)	Alto	57-69 (A3-A4)	Tenor	54-66 (F#3-F#4)	Bass	42-57 (F#2-A3)	Piano 1	57-74 (A3-D5)	Piano 1	42-66 (F#2-F#4)	Piano 2	62-74 (D4-D5)	Piano 2	42-57 (F#2-A3)				
27_Helligſte_Jeſu_Helligheds_Kilde	1: 4/4	1: 0	32	32	128.0	46	46	184.0	1270.0	611	73	0	0	0		Choral Bog		Helligſte Jeſu, Helligheds Kilde						2025-01-28	Linux			"<font size=""22""/>27. Helligſte Jeſu, Helligheds Kilde"	3.6.2	2.5.3	MS3	MS3/27_Helligſte_Jeſu_Helligheds_Kilde.mscx	False	38-76 (D2-E5)	mxl	Soprano	60-76 (C4-E5)	Alto	55-69 (G3-A4)	Tenor	52-66 (E3-F#4)	Bass	38-60 (D2-C4)	Piano 1	55-76 (G3-E5)	Piano 1	38-67 (D2-G4)	Piano 2	60-76 (C4-E5)	Piano 2	38-60 (D2-C4)				
28_Herre_Chriſt!_Gud_Faders_eenbaarne_Søn	1: 4/4	1: 1	20	20	72.0	28	28	100.0	724.0	373	49	0	0	0		Choral Bog		Herre Chriſt! Gud Faders eenbaarne Søn						2025-01-28	Linux			"<font size=""22""/>28. Herre Chriſt! Gud Faders eenbaarne Søn"	3.6.2	2.5.3	MS3	MS3/28_Herre_Chriſt!_Gud_Faders_eenbaarne_Søn.mscx	False	43-74 (G2-D5)	mxl	Soprano	64-74 (E4-D5)	Alto	59-69 (B3-A4)	Tenor	54-64 (F#3-E4)	Bass	43-57 (G2-A3)	Piano 1	59-74 (B3-D5)	Piano 1	43-64 (G2-E4)	Piano 2	64-74 (E4-D5)	Piano 2	43-57 (G2-A3)				
29_Herre_Jeſu_Chriſt!_min_Frelſer_du	1: 4/4	1: -1	19	19	72.0	19	19	72.0	720.0	370	43	0	0	0		Choral Bog		Herre Jeſu Chriſt! min Frelſer du						2025-01-28	Linux			"<font size=""22""/>29. Herre Jeſu Chriſt! min Frelſer du"	3.6.2	2.5.3	MS3	MS3/29_Herre_Jeſu_Chriſt!_min_Frelſer_du.mscx	False	43-72 (G2-C5)	mxl	Soprano	64-72 (E4-C5)	Alto	58-69 (Bb3-A4)	Tenor	53-62 (F3-D4)	Bass	43-58 (G2-Bb3)	Piano 1	60-72 (C4-C5)	Piano 1	43-62 (G2-D4)	Piano 2	64-72 (E4-C5)	Piano 2	43-58 (G2-Bb3)				
30_Herre_Jeſu_Chriſt!_ſand_Menneſke	1: 4/4	1: 2	17	17	64.0	17	17	64.0	642.0	325	37	0	0	0		Choral Bog		Herre Jeſu Chriſt! ſand Menneſke						2025-01-28	Linux			"<font size=""22""/>30.a. Herre Jeſu Chriſt! ſand Menneſke"	3.6.2	2.5.3	MS3	MS3/30_Herre_Jeſu_Chriſt!_ſand_Menneſke.mscx	False	43-74 (G2-D5)	mxl	Soprano	62-74 (D4-D5)	Alto	57-69 (A3-A4)	Tenor	54-62 (F#3-D4)	Bass	43-57 (G2-A3)	Piano 1	57-74 (A3-D5)	Piano 1	43-62 (G2-D4)	Piano 2	62-74 (D4-D5)	Piano 2	43-57 (G2-A3)				
31_En_anden_Melodie	1: 4/4	1: 1	17	17	64.0	17	17	64.0	644.0	322	40	0	0	0		Choral Bog		En anden Melodie						2025-01-28	Linux			"<font size=""22""/>30.b. En anden Melodie"	3.6.2	2.5.3	MS3	MS3/31_En_anden_Melodie.mscx	False	40-76 (E2-E5)	mxl	Soprano	64-76 (E4-E5)	Alto	59-69 (B3-A4)	Tenor	55-64 (G3-E4)	Bass	40-57 (E2-A3)	Piano 1	60-76 (C4-E5)	Piano 1	43-64 (G2-E4)	Piano 2	64-76 (E4-E5)	Piano 2	40-57 (E2-A3)				
32_Hielp_Gud_at_jeg_nu_kunde	1: 4/4	1: -1	20	20	74.0	28	28	102.0	726.0	361	39	0	0	0		Choral Bog		Hielp Gud, at jeg nu kunde						2025-01-28	Linux			"<font size=""22""/>31. Hielp Gud, at jeg nu kunde"	3.6.2	2.5.3	MS3	MS3/32_Hielp_Gud_at_jeg_nu_kunde.mscx	False	41-74 (F2-D5)	mxl	Soprano	65-74 (F4-D5)	Alto	60-67 (C4-G4)	Tenor	53-65 (F3-F4)	Bass	41-57 (F2-A3)	Piano 1	60-74 (C4-D5)	Piano 1	41-65 (F2-F4)	Piano 2	65-74 (F4-D5)	Piano 2	41-57 (F2-A3)				
33_Hiertelig_mig_nu_længes	1: 4/4	1: 0	24	24	88.0	32	32	116.0	896.0	416	49	0	0	0		Choral Bog		Hiertelig mig nu længes						2025-01-28	Linux			"<font size=""22""/>32. Hiertelig mig nu længes"	3.6.2	2.5.3	MS3	MS3/33_Hiertelig_mig_nu_længes.mscx	False	40-74 (E2-D5)	mxl	Soprano	62-74 (D4-D5)	Alto	57-69 (A3-A4)	Tenor	52-65 (E3-F4)	Bass	40-60 (E2-C4)	Piano 1	57-74 (A3-D5)	Piano 1	40-64 (E2-E4)	Piano 2	62-74 (D4-D5)	Piano 2	40-58 (E2-Bb3)				
34_Hvad_kan_os_komme_til_for_Nød	1: 4/4	1: 1	22	22	80.0	31	31	112.0	802.0	404	51	0	0	0		Choral Bog		Hvad kan os komme til for Nød						2025-01-28	Linux			"<font size=""22""/>33. Hvad kan os komme til for Nød"	3.6.2	2.5.3	MS3	MS3/34_Hvad_kan_os_komme_til_for_Nød.mscx	False	43-74 (G2-D5)	mxl	Soprano	62-74 (D4-D5)	Alto	57-69 (A3-A4)	Tenor	54-64 (F#3-E4)	Bass	43-59 (G2-B3)	Piano 1	57-74 (A3-D5)	Piano 1	43-62 (G2-D4)	Piano 2	62-74 (D4-D5)	Piano 2	43-59 (G2-B3)				
35_Hvad_min_Gud_vil_ſkee_mig_altiid	1: 4/4	1: 0	26	26	96.0	35	35	128.0	976.0	504	57	0	0	0		Choral Bog		Hvad min Gud vil, ſkee mig altiid						2025-01-28	Linux			"<font size=""22""/>34. Hvad min Gud vil, ſkee mig altiid"	3.6.2	2.5.3	MS3	MS3/35_Hvad_min_Gud_vil_ſkee_mig_altiid.mscx	False	41-74 (F2-D5)	mxl	Soprano	64-74 (E4-D5)	Alto	60-69 (C4-A4)	Tenor	55-65 (G3-F4)	Bass	41-57 (F2-A3)	Piano 1	59-74 (B3-D5)	Piano 1	41-65 (F2-F4)	Piano 2	64-74 (E4-D5)	Piano 2	41-55 (F2-G3)				
36_Hvo_ikkun_lader_Herren_raade	1: 4/4	1: 0	19	19	68.0	29	29	104.0	660.0	325	41	0	0	0		Choral Bog		Hvo ikkun lader Herren raade						2025-01-28	Linux			"<font size=""22""/>35. Hvo ikkun lader Herren raade"	3.6.2	2.5.3	MS3	MS3/36_Hvo_ikkun_lader_Herren_raade.mscx	False	43-76 (G2-E5)	mxl	Soprano	64-76 (E4-E5)	Alto	59-69 (B3-A4)	Tenor	52-62 (E3-D4)	Bass	43-55 (G2-G3)	Piano 1	59-76 (B3-E5)	Piano 1	45-64 (A2-E4)	Piano 2	64-76 (E4-E5)	Piano 2	45-57 (A2-A3)				
37_Hvo_fig_fortrøſte	1: 4/4	1: 3	23	23	92.0	30	30	120.0	918.0	396	48	0	0	0		Choral Bog		Hvo fig fortrøſte						2025-01-28	Linux			"<font size=""22""/>36. Hvo fig fortrøſte"	3.6.2	2.5.3	MS3	MS3/37_Hvo_fig_fortrøſte.mscx	False	40-74 (E2-D5)	mxl	Soprano	64-74 (E4-D5)	Alto	59-69 (B3-A4)	Tenor	56-64 (G#3-E4)	Bass	40-57 (E2-A3)	Piano 1	59-74 (B3-D5)	Piano 1	45-61 (A2-C#4)	Piano 2	64-74 (E4-D5)	Piano 2	40-57 (E2-A3)				
38_Hvo_veed_hvor_nær_mig_er_min_Ende	1: 4/4	1: 0	19	19	68.0	29	29	104.0	674.0	334	40	0	0	0		Choral Bog		Hvo veed, hvor nær mig er min Ende						2025-01-28	Linux			"<font size=""22""/>37. Hvo veed, hvor nær mig er min Ende"	3.6.2	2.5.3	MS3	MS3/38_Hvo_veed_hvor_nær_mig_er_min_Ende.mscx	False	43-77 (G2-F5)	mxl	Soprano	60-77 (C4-F5)	Alto	55-69 (G3-A4)	Tenor	52-64 (E3-E4)	Bass	43-55 (G2-G3)	Piano 1	55-77 (G3-F5)	Piano 1	43-64 (G2-E4)	Piano 2	60-77 (C4-F5)	Piano 2	43-55 (G2-G3)				
39_Hvor_got_er_det_i_Jeſu_Arme	1: 4/4	1: 3	39	39	148.0	49	49	184.0	1420.0	681	75	0	0	0		Choral Bog		Hvor got er det i Jeſu Arme						2025-01-28	Linux			"<font size=""22""/>38. Hvor got er det i Jeſu Arme"	3.6.2	2.5.3	MS3	MS3/39_Hvor_got_er_det_i_Jeſu_Arme.mscx	False	42-76 (F#2-E5)	mxl	Soprano	61-76 (C#4-E5)	Alto	57-68 (A3-G#4)	Tenor	56-66 (G#3-F#4)	Bass	45-59 (A2-B3)	Piano 1	57-76 (A3-E5)	Piano 1	42-66 (F#2-F#4)	Piano 2	61-76 (C#4-E5)	Piano 2	45-59 (A2-B3)				
40_J_Jeſu_Navn_ſkal_ald_vor	1: 4/4	1: -1	40	40	156.0	40	40	156.0	1582.0	707	84	0	0	0		Choral Bog		J Jeſu Navn ſkal ald vor						2025-01-28	Linux			"<font size=""22""/>39. J Jeſu Navn ſkal ald vor"	3.6.2	2.5.3	MS3	MS3/40_J_Jeſu_Navn_ſkal_ald_vor.mscx	False	38-77 (D2-F5)	mxl	Soprano	62-77 (D4-F5)	Alto	57-70 (A3-Bb4)	Tenor	53-67 (F3-G4)	Bass	38-58 (D2-Bb3)	Piano 1	57-77 (A3-F5)	Piano 1	38-67 (D2-G4)	Piano 2	62-77 (D4-F5)	Piano 2	38-58 (D2-Bb3)				
41_Jeg_beder_dig_Fader_i_himmerig	1: 4/4	1: 1	23	23	88.0	23	23	88.0	888.0	432	47	0	0	0		Choral Bog		Jeg beder dig Fader i himmerig						2025-01-28	Linux			"<font size=""22""/>40. Jeg beder dig Fader i himmerig"	3.6.2	2.5.3	MS3	MS3/41_Jeg_beder_dig_Fader_i_himmerig.mscx	False	38-74 (D2-D5)	mxl	Soprano	62-74 (D4-D5)	Alto	59-67 (B3-G4)	Tenor	52-64 (E3-E4)	Bass	38-55 (D2-G3)	Piano 1	59-74 (B3-D5)	Piano 1	40-64 (E2-E4)	Piano 2	62-74 (D4-D5)	Piano 2	38-55 (D2-G3)				
42_Jeg_beder_dig_min_Herre_og_Gud!	1: 4/4	1: 0	26	26	96.0	35	35	128.0	972.0	479	58	0	0	0		Choral Bog		Jeg beder dig min Herre og Gud!						2025-01-28	Linux			"<font size=""22""/>41. Jeg beder dig min Herre og Gud!"	3.6.2	2.5.3	MS3	MS3/42_Jeg_beder_dig_min_Herre_og_Gud!.mscx	False	41-74 (F2-D5)	mxl	Soprano	60-74 (C4-D5)	Alto	55-65 (G3-F4)	Tenor	52-62 (E3-D4)	Bass	41-58 (F2-Bb3)	Piano 1	55-74 (G3-D5)	Piano 1	41-64 (F2-E4)	Piano 2	60-74 (C4-D5)	Piano 2	41-53 (F2-F3)				
43_Jeg_raaber_faſt_o_Herre!	1: 4/4	1: 0	29	29	112.0	29	29	112.0	1132.0	564	67	0	0	0		Choral Bog		Jeg raaber faſt o Herre!						2025-01-28	Linux			"<font size=""22""/>42. Jeg raaber faſt o Herre!"	3.6.2	2.5.3	MS3	MS3/43_Jeg_raaber_faſt_o_Herre!.mscx	False	40-74 (E2-D5)	mxl	Soprano	60-74 (C4-D5)	Alto	57-69 (A3-A4)	Tenor	52-64 (E3-E4)	Bass	40-55 (E2-G3)	Piano 1	53-74 (F3-D5)	Piano 1	41-64 (F2-E4)	Piano 2	60-74 (C4-D5)	Piano 2	40-55 (E2-G3)				
44_Jeg_raaber_til_dig_o_Herre_Chriſt	1: 4/4	1: -1	28	28	104.0	37	37	136.0	1056.0	491	55	0	0	0		Choral Bog		Jeg raaber til dig, o Herre Chriſt						2025-01-28	Linux			"<font size=""22""/>43. Jeg raaber til dig, o Herre Chriſt"	3.6.2	2.5.3	MS3	MS3/44_Jeg_raaber_til_dig_o_Herre_Chriſt.mscx	False	41-74 (F2-D5)	mxl	Soprano	60-74 (C4-D5)	Alto	57-67 (A3-G4)	Tenor	52-62 (E3-D4)	Bass	41-58 (F2-Bb3)	Piano 1	55-74 (G3-D5)	Piano 1	41-62 (F2-D4)	Piano 2	60-74 (C4-D5)	Piano 2	41-53 (F2-F3)				
45_Jeg_takker_dig_ret_hiertelig	1: 3/2	1: -1	17	17	96.0	17	17	96.0	982.0	330	37	0	0	0		Choral Bog		Jeg takker dig ret hiertelig						2025-01-28	Linux			"<font size=""22""/>44. Jeg takker dig ret hiertelig"	3.6.2	2.5.3	MS3	MS3/45_Jeg_takker_dig_ret_hiertelig.mscx	False	41-74 (F2-D5)	mxl	Soprano	65-74 (F4-D5)	Alto	60-67 (C4-G4)	Tenor	53-62 (F3-D4)	Bass	41-58 (F2-Bb3)	Piano 1	57-74 (A3-D5)	Piano 1	41-62 (F2-D4)	Piano 2	65-74 (F4-D5)	Piano 2	45-58 (A2-Bb3)				
46_Jeg_veed_et_evigt_Himmerig	1: 4/4	1: 1	17	17	64.0	17	17	64.0	640.0	313	35	0	0	0		Choral Bog		Jeg veed et evigt Himmerig						2025-01-28	Linux			"<font size=""22""/>45. Jeg veed et evigt Himmerig"	3.6.2	2.5.3	MS3	MS3/46_Jeg_veed_et_evigt_Himmerig.mscx	False	40-76 (E2-E5)	mxl	Soprano	62-76 (D4-E5)	Alto	59-69 (B3-A4)	Tenor	55-64 (G3-E4)	Bass	43-59 (G2-B3)	Piano 1	59-76 (B3-E5)	Piano 1	40-60 (E2-C4)	Piano 2	62-76 (D4-E5)	Piano 2	43-59 (G2-B3)				
47_Jeg_vil_din_Priis_udsiunge	1: 3/2	1: -1	23	23	126.0	31	31	168.0	1288.0	422	49	0	0	0		Choral Bog		Jeg vil din Priis udsiunge						2025-01-28	Linux			"<font size=""22""/>46. Jeg vil din Priis udsiunge"	3.6.2	2.5.3	MS3	MS3/47_Jeg_vil_din_Priis_udsiunge.mscx	False	41-72 (F2-C5)	mxl	Soprano	65-72 (F4-C5)	Alto	60-67 (C4-G4)	Tenor	57-64 (A3-E4)	Bass	41-58 (F2-Bb3)	Piano 1	60-72 (C4-C5)	Piano 1	41-62 (F2-D4)	Piano 2	65-72 (F4-C5)	Piano 2	41-57 (F2-A3)				
48_Jeſu_Chriſt!_dig_takke_vi	1: 4/4	1: 2	48	48	192.0	56	56	224.0	1944.0	946	118	0	0	0		Choral Bog		Jeſu Chriſt! dig takke vi						2025-01-28	Linux			"<font size=""22""/>47. Jeſu Chriſt! dig takke vi"	3.6.2	2.5.3	MS3	MS3/48_Jeſu_Chriſt!_dig_takke_vi.mscx	False	39-76 (D#2-E5)	mxl	Soprano	62-76 (D4-E5)	Alto	57-71 (A3-B4)	Tenor	50-67 (D3-G4)	Bass	39-59 (D#2-B3)	Piano 1	57-76 (A3-E5)	Piano 1	39-67 (D#2-G4)	Piano 2	62-76 (D4-E5)	Piano 2	39-59 (D#2-B3)				
49_Jeſu!_din_ſøde_Foreening	1: 3/2	1: -1	24	24	144.0	32	32	192.0	1476.0	636	71	0	0	0		Choral Bog		Jeſu! din ſøde Foreening						2025-01-28	Linux			"<font size=""22""/>48. Jeſu! din ſøde Foreening"	3.6.2	2.5.3	MS3	MS3/49_Jeſu!_din_ſøde_Foreening.mscx	False	41-77 (F2-F5)	mxl	Soprano	65-77 (F4-F5)	Alto	60-70 (C4-Bb4)	Tenor	53-65 (F3-F4)	Bass	41-60 (F2-C4)	Piano 1	57-77 (A3-F5)	Piano 1	41-65 (F2-F4)	Piano 2	65-77 (F4-F5)	Piano 2	41-58 (F2-Bb3)				
50_Jeſu!_dine_dybe_Vunder_Den_brugelige_Mel	1: 4/4	1: 1	27	27	108.0	36	36	144.0	1092.0	493	63	0	0	0		Choral Bog		Jeſu! dine dybe Vunder Den brugelige Mel.						2025-01-28	Linux			"<font size=""22""/>49. Jeſu! dine dybe Vunder Den brugelige Mel."	3.6.2	2.5.3	MS3	MS3/50_Jeſu!_dine_dybe_Vunder_Den_brugelige_Mel.mscx	False	42-76 (F#2-E5)	mxl	Soprano	62-76 (D4-E5)	Alto	59-69 (B3-A4)	Tenor	52-65 (E3-F4)	Bass	43-59 (G2-B3)	Piano 1	57-76 (A3-E5)	Piano 1	43-65 (G2-F4)	Piano 2	62-76 (D4-E5)	Piano 2	42-57 (F#2-A3)				
51_Jeſu!_dine_dybe_Vunder_Den_brugelige_Mel	1: 4/4	1: -1	27	27	108.0	36	36	144.0	1108.0	458	49	0	0	0		Choral Bog		Jeſu! dine dybe Vunder Den brugelige Mel.						2025-01-28	Linux			"<font size=""22""/>50. Jeſu! dine dybe Vunder Den brugelige Mel."	3.6.2	2.5.3	MS3	MS3/51_Jeſu!_dine_dybe_Vunder_Den_brugelige_Mel.mscx	False	36-77 (C2-F5)	mxl	Soprano	65-77 (F4-F5)	Alto	61-70 (C#4-Bb4)	Tenor	54-63 (F#3-Eb4)	Bass	36-58 (C2-Bb3)	Piano 1	58-77 (Bb3-F5)	Piano 1	41-67 (F2-G4)	Piano 2	65-77 (F4-F5)	Piano 2	36-58 (C2-Bb3)				
52_Jeſu!_du_min_Glæde	1: 4/4	1: 0	24	24	96.0	35	35	140.0	964.0	404	46	0	0	0		Choral Bog		Jeſu! du min Glæde						2025-01-28	Linux			"<font size=""22""/>51. Jeſu! du min Glæde"	3.6.2	2.5.3	MS3	MS3/52_Jeſu!_du_min_Glæde.mscx	False	41-77 (F2-F5)	mxl	Soprano	62-77 (D4-F5)	Alto	60-71 (C4-B4)	Tenor	53-65 (F3-F4)	Bass	41-58 (F2-Bb3)	Piano 1	57-77 (A3-F5)	Piano 1	41-65 (F2-F4)	Piano 2	62-77 (D4-F5)	Piano 2	41-58 (F2-Bb3)				
53_Jeſu!_Gielens_lyſe_Dag	1: 4/4	1: 0	33	33	132.0	33	33	132.0	1320.0	585	72	0	0	0		Choral Bog		Jeſu! Gielens lyſe Dag						2025-01-28	Linux			"<font size=""22""/>52. Jeſu! Gielens lyſe Dag"	3.6.2	2.5.3	MS3	MS3/53_Jeſu!_Gielens_lyſe_Dag.mscx	False	43-76 (G2-E5)	mxl	Soprano	61-76 (C#4-E5)	Alto	57-69 (A3-A4)	Tenor	52-64 (E3-E4)	Bass	43-60 (G2-C4)	Piano 1	57-76 (A3-E5)	Piano 1	43-68 (G2-G#4)	Piano 2	61-76 (C#4-E5)	Piano 2	43-60 (G2-C4)				
54_Jeſu!_ſøde_hukommelſe	1: 4/4	1: 0	17	17	64.0	17	17	64.0	644.0	326	36	0	0	0		Choral Bog		Jeſu! ſøde hukommelſe						2025-01-28	Linux			"<font size=""22""/>53. Jeſu! ſøde hukommelſe"	3.6.2	2.5.3	MS3	MS3/54_Jeſu!_ſøde_hukommelſe.mscx	False	40-76 (E2-E5)	mxl	Soprano	64-76 (E4-E5)	Alto	60-69 (C4-A4)	Tenor	55-64 (G3-E4)	Bass	40-57 (E2-A3)	Piano 1	60-76 (C4-E5)	Piano 1	45-67 (A2-G4)	Piano 2	64-76 (E4-E5)	Piano 2	40-57 (E2-A3)				
55_Jeſus_Chriſtus_vor_Frelſermand	1: 4/4	1: 2	19	19	72.0	19	19	72.0	724.0	372	53	0	0	0		Choral Bog		Jeſus Chriſtus vor Frelſermand						2025-01-28	Linux			"<font size=""22""/>54. Jeſus Chriſtus vor Frelſermand"	3.6.2	2.5.3	MS3	MS3/55_Jeſus_Chriſtus_vor_Frelſermand.mscx	False	46-74 (A#2-D5)	mxl	Soprano	66-74 (F#4-D5)	Alto	61-71 (C#4-B4)	Tenor	56-64 (G#3-E4)	Bass	46-59 (A#2-B3)	Piano 1	61-74 (C#4-D5)	Piano 1	46-64 (A#2-E4)	Piano 2	66-74 (F#4-D5)	Piano 2	46-59 (A#2-B3)				
56_Jeſus_er_mit_Haab_og_Trøſt	1: 4/4	1: 0	17	17	68.0	26	26	104.0	698.0	297	32	0	0	0		Choral Bog		Jeſus er mit Haab og Trøſt						2025-01-28	Linux			"<font size=""22""/>55. Jeſus er mit Haab og Trøſt"	3.6.2	2.5.3	MS3	MS3/56_Jeſus_er_mit_Haab_og_Trøſt.mscx	False	43-76 (G2-E5)	mxl	Soprano	60-76 (C4-E5)	Alto	59-69 (B3-A4)	Tenor	52-65 (E3-F4)	Bass	43-55 (G2-G3)	Piano 1	55-76 (G3-E5)	Piano 1	43-65 (G2-F4)	Piano 2	60-76 (C4-E5)	Piano 2	43-55 (G2-G3)				
57_Jeſus_er_mit_Lib_i_Live	1: 4/4	1: 0	27	27	108.0	36	36	144.0	1102.0	505	61	0	0	0		Choral Bog		Jeſus er mit Lib i Live						2025-01-28	Linux			"<font size=""22""/>56. Jeſus er mit Lib i Live"	3.6.2	2.5.3	MS3	MS3/57_Jeſus_er_mit_Lib_i_Live.mscx	False	36-77 (C2-F5)	mxl	Soprano	62-77 (D4-F5)	Alto	60-69 (C4-A4)	Tenor	53-65 (F3-F4)	Bass	36-59 (C2-B3)	Piano 1	53-77 (F3-F5)	Piano 1	36-62 (C2-D4)	Piano 2	62-77 (D4-F5)	Piano 2	36-59 (C2-B3)				
58_Kom_Gud_Skaber_o_Hellig_Aand	1: 4/4	1: 0	17	17	64.0	17	17	64.0	652.0	334	38	0	0	0		Choral Bog		Kom Gud Skaber o Hellig Aand						2025-01-28	Linux			"<font size=""22""/>57. Kom Gud Skaber o Hellig Aand"	3.6.2	2.5.3	MS3	MS3/58_Kom_Gud_Skaber_o_Hellig_Aand.mscx	False	42-76 (F#2-E5)	mxl	Soprano	66-76 (F#4-E5)	Alto	59-69 (B3-A4)	Tenor	54-62 (F#3-D4)	Bass	42-55 (F#2-G3)	Piano 1	59-76 (B3-E5)	Piano 1	42-69 (F#2-A4)	Piano 2	66-76 (F#4-E5)	Piano 2	42-55 (F#2-G3)				
59_Kom_Hedningers_Frelſer_ſand	1: 4/4	1: -1	16	16	64.0	16	16	64.0	650.0	304	35	0	0	0		Choral Bog		Kom Hedningers Frelſer ſand						2025-01-28	Linux			"<font size=""22""/>58. Kom Hedningers Frelſer ſand"	3.6.2	2.5.3	MS3	MS3/59_Kom_Hedningers_Frelſer_ſand.mscx	False	39-74 (Eb2-D5)	mxl	Soprano	65-74 (F4-D5)	Alto	61-68 (Db4-Ab4)	Tenor	55-63 (G3-Eb4)	Bass	43-55 (G2-G3)	Piano 1	61-74 (Db4-D5)	Piano 1	39-65 (Eb2-F4)	Piano 2	65-74 (F4-D5)	Piano 2	43-55 (G2-G3)				
60_Kom_o_kom!_du_Aand_ſom_giver	1: 4/4	1: 1	16	16	64.0	24	24	96.0	650.0	320	41	0	0	0		Choral Bog		Kom, o kom! du Aand, ſom giver						2025-01-28	Linux			"<font size=""22""/>59. Kom, o kom! du Aand, ſom giver"	3.6.2	2.5.3	MS3	MS3/60_Kom_o_kom!_du_Aand_ſom_giver.mscx	False	43-76 (G2-E5)	mxl	Soprano	62-76 (D4-E5)	Alto	57-69 (A3-A4)	Tenor	54-64 (F#3-E4)	Bass	43-59 (G2-B3)	Piano 1	57-76 (A3-E5)	Piano 1	43-62 (G2-D4)	Piano 2	62-76 (D4-E5)	Piano 2	43-59 (G2-B3)				
61_Kommer_til_mig_ſagde_Guds_Søn	1: 4/4	1: -1	26	26	100.0	26	26	100.0	1020.0	499	62	0	0	0		Choral Bog		Kommer til mig, ſagde Guds Søn						2025-01-28	Linux			"<font size=""22""/>60. Kommer til mig, ſagde Guds Søn"	3.6.2	2.5.3	MS3	MS3/61_Kommer_til_mig_ſagde_Guds_Søn.mscx	False	41-74 (F2-D5)	mxl	Soprano	65-74 (F4-D5)	Alto	60-69 (C4-A4)	Tenor	54-65 (F#3-F4)	Bass	41-60 (F2-C4)	Piano 1	60-74 (C4-D5)	Piano 1	43-64 (G2-E4)	Piano 2	65-74 (F4-D5)	Piano 2	41-60 (F2-C4)				
62_Litaniet	1: 4/4	1: 1	396	396	1584.0	396	396	1584.0	15788.0	8349	934	0	0	0		Choral Bog		Litaniet.						2025-01-28	Linux			"<font size=""22""/>61. Litaniet."	3.6.2	2.5.3	MS3	MS3/62_Litaniet.mscx	False	38-76 (D2-E5)	mxl	Soprano	64-76 (E4-E5)	Alto	59-69 (B3-A4)	Tenor	52-66 (E3-F#4)	Bass	38-62 (D2-D4)	Piano 1	52-76 (E3-E5)	Piano 1	38-62 (D2-D4)	Piano 2	64-76 (E4-E5)	Piano 2	38-62 (D2-D4)				
63_Litanie-_Det_mindre	1: 4/4	1: -1	17	17	68.0	17	17	68.0	694.0	289	34	0	0	0		Choral Bog		Litanie: Det mindre.						2025-01-28	Linux			"<font size=""22""/>62. Litanie: Det mindre."	3.6.2	2.5.3	MS3	MS3/63_Litanie-_Det_mindre.mscx	False	41-69 (F2-A4)	mxl	Soprano	64-69 (E4-A4)	Alto	58-67 (Bb3-G4)	Tenor	57-62 (A3-D4)	Bass	41-53 (F2-F3)	Piano 1	58-69 (Bb3-A4)	Piano 1	41-62 (F2-D4)	Piano 2	64-69 (E4-A4)	Piano 2	41-53 (F2-F3)				
64_Lover_den_Herre_deu_mægtige_Konge	1: 3/2	1: 1	13	13	78.0	18	18	108.0	798.0	337	43	0	0	0		Choral Bog		Lover den Herre, deu mægtige Konge						2025-01-28	Linux			"<font size=""22""/>63. Lover den Herre, deu mægtige Konge"	3.6.2	2.5.3	MS3	MS3/64_Lover_den_Herre_deu_mægtige_Konge.mscx	False	38-76 (D2-E5)	mxl	Soprano	62-76 (D4-E5)	Alto	57-67 (A3-G4)	Tenor	54-64 (F#3-E4)	Bass	38-55 (D2-G3)	Piano 1	57-76 (A3-E5)	Piano 1	38-67 (D2-G4)	Piano 2	62-76 (D4-E5)	Piano 2	38-55 (D2-G3)				
65_Marie_hun_er_en_Jomfrue_reen	1: 4/4	1: -1	20	20	72.0	29	29	104.0	730.0	356	38	0	0	0		Choral Bog		Marie hun er en Jomfrue reen						2025-01-28	Linux			"<font size=""22""/>64. Marie hun er en Jomfrue reen"	3.6.2	2.5.3	MS3	MS3/65_Marie_hun_er_en_Jomfrue_reen.mscx	False	43-72 (G2-C5)	mxl	Soprano	64-72 (E4-C5)	Alto	60-67 (C4-G4)	Tenor	54-62 (F#3-D4)	Bass	43-58 (G2-Bb3)	Piano 1	58-72 (Bb3-C5)	Piano 1	43-62 (G2-D4)	Piano 2	64-72 (E4-C5)	Piano 2	43-58 (G2-Bb3)				
66_Med_Sorgen_og_Klagen_hold_Maade	1: 4/4	1: -1	17	17	64.0	17	17	64.0	648.0	368	43	0	0	0		Choral Bog		Med Sorgen og Klagen hold Maade						2025-01-28	Linux			"<font size=""22""/>65. Med Sorgen og Klagen hold Maade"	3.6.2	2.5.3	MS3	MS3/66_Med_Sorgen_og_Klagen_hold_Maade.mscx	False	41-74 (F2-D5)	mxl	Soprano	60-74 (C4-D5)	Alto	57-67 (A3-G4)	Tenor	52-62 (E3-D4)	Bass	41-57 (F2-A3)	Piano 1	55-74 (G3-D5)	Piano 1	41-62 (F2-D4)	Piano 2	60-74 (C4-D5)	Piano 2	41-57 (F2-A3)				
67_Min_Fader_fød_mig_til_dit_Billede	1: 4/4	1: 0	27	27	104.0	27	27	104.0	1070.0	499	52	0	0	0		Choral Bog		Min Fader fød mig til dit Billede						2025-01-28	Linux			"<font size=""22""/>66. Min Fader fød mig til dit Billede"	3.6.2	2.5.3	MS3	MS3/67_Min_Fader_fød_mig_til_dit_Billede.mscx	False	41-76 (F2-E5)	mxl	Soprano	60-76 (C4-E5)	Alto	57-71 (A3-B4)	Tenor	52-62 (E3-D4)	Bass	41-60 (F2-C4)	Piano 1	55-76 (G3-E5)	Piano 1	41-69 (F2-A4)	Piano 2	60-76 (C4-E5)	Piano 2	41-60 (F2-C4)				
68_Min_Siel_nu_lover_Herren	1: 3/2	1: 1	38	38	216.0	47	47	264.0	2184.0	768	94	0	0	0		Choral Bog		Min Siel nu lover Herren						2025-01-28	Linux			"<font size=""22""/>67. Min Siel nu lover Herren"	3.6.2	2.5.3	MS3	MS3/68_Min_Siel_nu_lover_Herren.mscx	False	38-74 (D2-D5)	mxl	Soprano	62-74 (D4-D5)	Alto	57-69 (A3-A4)	Tenor	54-66 (F#3-F#4)	Bass	40-59 (E2-B3)	Piano 1	57-74 (A3-D5)	Piano 1	38-66 (D2-F#4)	Piano 2	62-74 (D4-D5)	Piano 2	38-57 (D2-A3)				
69_Mit_Haab_og_Trøſt_og_ald_Tilliid	1: 3/2	1: 0	26	26	144.0	35	35	192.0	1492.0	525	62	0	0	0		Choral Bog		Mit Haab og Trøſt og ald Tilliid						2025-01-28	Linux			"<font size=""22""/>68. Mit Haab og Trøſt og ald Tilliid"	3.6.2	2.5.3	MS3	MS3/69_Mit_Haab_og_Trøſt_og_ald_Tilliid.mscx	False	40-74 (E2-D5)	mxl	Soprano	60-74 (C4-D5)	Alto	55-69 (G3-A4)	Tenor	52-66 (E3-F#4)	Bass	40-60 (E2-C4)	Piano 1	55-74 (G3-D5)	Piano 1	40-66 (E2-F#4)	Piano 2	60-74 (C4-D5)	Piano 2	40-58 (E2-Bb3)				
70_Naar_min_Tiid_og_Srund_er	1: 4/4	1: 1	22	22	80.0	31	31	112.0	808.0	395	48	0	0	0		Choral Bog		Naar min Tiid og Srund er						2025-01-28	Linux			"<font size=""22""/>69. Naar min Tiid og Srund er"	3.6.2	2.5.3	MS3	MS3/70_Naar_min_Tiid_og_Srund_er.mscx	False	42-74 (F#2-D5)	mxl	Soprano	62-74 (D4-D5)	Alto	59-69 (B3-A4)	Tenor	52-64 (E3-E4)	Bass	42-57 (F#2-A3)	Piano 1	59-74 (B3-D5)	Piano 1	42-64 (F#2-E4)	Piano 2	62-74 (D4-D5)	Piano 2	42-57 (F#2-A3)				
71_Naar_vi_i_ſtørſte_Nøden_ſtaae	1: 4/4	1: 1	17	17	64.0	17	17	64.0	648.0	338	38	0	0	0		Choral Bog		Naar vi i ſtørſte Nøden ſtaae						2025-01-28	Linux			"<font size=""22""/>70. Naar vi i ſtørſte Nøden ſtaae"	3.6.2	2.5.3	MS3	MS3/71_Naar_vi_i_ſtørſte_Nøden_ſtaae.mscx	False	43-74 (G2-D5)	mxl	Soprano	62-74 (D4-D5)	Alto	59-69 (B3-A4)	Tenor	52-64 (E3-E4)	Bass	43-59 (G2-B3)	Piano 1	57-74 (A3-D5)	Piano 1	43-64 (G2-E4)	Piano 2	62-74 (D4-D5)	Piano 2	43-59 (G2-B3)				
72_Naglet_til_et_Kors_paa_Jorden	1: 4/4	1: 0	24	24	96.0	24	24	96.0	988.0	492	65	0	0	0		Choral Bog		Naglet til et Kors paa Jorden						2025-01-28	Linux			"<font size=""22""/>71.a. Naglet til et Kors paa Jorden"	3.6.2	2.5.3	MS3	MS3/72_Naglet_til_et_Kors_paa_Jorden.mscx	False	40-77 (E2-F5)	mxl	Soprano	67-77 (G4-F5)	Alto	60-71 (C4-B4)	Tenor	56-66 (G#3-F#4)	Bass	40-58 (E2-Bb3)	Piano 1	57-77 (A3-F5)	Piano 1	40-65 (E2-F4)	Piano 1		Piano 1		Piano 2	67-77 (G4-F5)	Piano 2	40-58 (E2-Bb3)
73_Raglet_til_u._En_anden_Melodie	1: 4/4	1: -3	24	24	96.0	24	24	96.0	972.0	458	59	0	0	0		Choral Bog		Raglet til u. En anden Melodie						2025-01-28	Linux			"<font size=""22""/>71.b. Raglet til u. En anden Melodie"	3.6.2	2.5.3	MS3	MS3/73_Raglet_til_u._En_anden_Melodie.mscx	False	39-77 (Eb2-F5)	mxl	Soprano	65-77 (F4-F5)	Alto	62-67 (D4-G4)	Tenor	55-62 (G3-D4)	Bass	39-56 (Eb2-Ab3)	Piano 1	60-77 (C4-F5)	Piano 1	43-69 (G2-A4)	Piano 2	65-77 (F4-F5)	Piano 2	39-58 (Eb2-Bb3)				
74_Nu_bede_vi_den_Hillig_Aand	1: 4/4	1: 1	27	27	104.0	27	27	104.0	1050.0	493	57	0	0	0		Choral Bog		Nu bede vi den Hillig Aand						2025-01-28	Linux			"<font size=""22""/>72. Nu bede vi den Hillig Aand"	3.6.2	2.5.3	MS3	MS3/74_Nu_bede_vi_den_Hillig_Aand.mscx	False	42-76 (F#2-E5)	mxl	Soprano	62-76 (D4-E5)	Alto	59-67 (B3-G4)	Tenor	54-64 (F#3-E4)	Bass	42-57 (F#2-A3)	Piano 1	59-76 (B3-E5)	Piano 1	42-67 (F#2-G4)	Piano 2	62-76 (D4-E5)	Piano 2	42-57 (F#2-A3)				
75_Nu_er_os_Gud_miſkundelig	1: 4/4	1: 0	30	30	112.0	39	39	144.0	1134.0	581	75	0	0	0		Choral Bog		Nu er os Gud miſkundelig						2025-01-28	Linux			"<font size=""22""/>73. Nu er os Gud miſkundelig"	3.6.2	2.5.3	MS3	MS3/75_Nu_er_os_Gud_miſkundelig.mscx	False	36-76 (C2-E5)	mxl	Soprano	60-76 (C4-E5)	Alto	59-69 (B3-A4)	Tenor	52-66 (E3-F#4)	Bass	36-62 (C2-D4)	Piano 1	52-76 (E3-E5)	Piano 1	36-62 (C2-D4)	Piano 2	60-76 (C4-E5)	Piano 2	36-62 (C2-D4)				
76_Nu_hviler_Mark_og_Enge	1: 4/4	1: -1	24	24	92.0	24	24	92.0	938.0	460	58	0	0	0		Choral Bog		Nu hviler Mark og Enge						2025-01-28	Linux			"<font size=""22""/>74. Nu hviler Mark og Enge"	3.6.2	2.5.3	MS3	MS3/76_Nu_hviler_Mark_og_Enge.mscx	False	40-72 (E2-C5)	mxl	Soprano	60-72 (C4-C5)	Alto	55-69 (G3-A4)	Tenor	52-64 (E3-E4)	Bass	40-59 (E2-B3)	Piano 1	55-72 (G3-C5)	Piano 1	40-62 (E2-D4)	Piano 2	60-72 (C4-C5)	Piano 2	40-59 (E2-B3)				
77_Nu_vel_an!_vær_friſk_til_Mode	1: 4/4	1: 1	24	24	96.0	32	32	128.0	968.0	450	55	0	0	0		Choral Bog		Nu vel an! vær friſk til Mode						2025-01-28	Linux			"<font size=""22""/>75. Nu vel an! vær friſk til Mode"	3.6.2	2.5.3	MS3	MS3/77_Nu_vel_an!_vær_friſk_til_Mode.mscx	False	43-76 (G2-E5)	mxl	Soprano	67-76 (G4-E5)	Alto	60-69 (C4-A4)	Tenor	54-64 (F#3-E4)	Bass	43-57 (G2-A3)	Piano 1	60-76 (C4-E5)	Piano 1	43-62 (G2-D4)	Piano 2	67-76 (G4-E5)	Piano 2	43-57 (G2-A3)				
78_D!_du_ftore_Seyer-Herre	1: 4/4	1: -3	24	24	96.0	32	32	128.0	988.0	468	55	0	0	0		Choral Bog		D! du ftore Seyer-Herre						2025-01-28	Linux			"<font size=""22""/>76. D! du ftore Seyer-Herre"	3.6.2	2.5.3	MS3	MS3/78_D!_du_ftore_Seyer-Herre.mscx	False	39-75 (Eb2-Eb5)	mxl	Soprano	63-75 (Eb4-Eb5)	Alto	58-67 (Bb3-G4)	Tenor	53-62 (F3-D4)	Bass	39-58 (Eb2-Bb3)	Piano 1	53-75 (F3-Eb5)	Piano 1	39-56 (Eb2-Ab3)	Piano 2	63-75 (Eb4-Eb5)	Piano 2	39-56 (Eb2-Ab3)				
79_D_Gud!_du_fromme_Gud!	1: 4/4	1: 0	21	21	76.0	29	29	104.0	768.0	381	41	0	0	0		Choral Bog		D Gud! du fromme Gud!						2025-01-28	Linux			"<font size=""22""/>77. D Gud! du fromme Gud!"	3.6.2	2.5.3	MS3	MS3/79_D_Gud!_du_fromme_Gud!.mscx	False	40-74 (E2-D5)	mxl	Soprano	60-74 (C4-D5)	Alto	59-69 (B3-A4)	Tenor	52-65 (E3-F4)	Bass	40-55 (E2-G3)	Piano 1	52-74 (E3-D5)	Piano 1	40-55 (E2-G3)	Piano 2	60-74 (C4-D5)	Piano 2	40-55 (E2-G3)				
80_D!_Gud_ſkee_Lov_til_evig_Tiid	1: 3/2	1: -1	15	15	84.0	15	15	84.0	844.0	306	37	0	0	0		Choral Bog		D! Gud ſkee Lov til evig Tiid						2025-01-28	Linux			"<font size=""22""/>78. D! Gud ſkee Lov til evig Tiid"	3.6.2	2.5.3	MS3	MS3/80_D!_Gud_ſkee_Lov_til_evig_Tiid.mscx	False	41-77 (F2-F5)	mxl	Soprano	65-77 (F4-F5)	Alto	60-72 (C4-C5)	Tenor	55-65 (G3-F4)	Bass	41-55 (F2-G3)	Piano 1	60-77 (C4-F5)	Piano 1	43-65 (G2-F4)	Piano 2	65-77 (F4-F5)	Piano 2	41-55 (F2-G3)				
81_D!_Guds_Lam_u_ſkyldig	1: 4/4	1: -1	23	23	84.0	32	32	116.0	852.0	422	50	0	0	0		Choral Bog		D! Guds Lam u ſkyldig						2025-01-28	Linux			"<font size=""22""/>79. D! Guds Lam u ſkyldig"	3.6.2	2.5.3	MS3	MS3/81_D!_Guds_Lam_u_ſkyldig.mscx	False	41-74 (F2-D5)	mxl	Soprano	60-74 (C4-D5)	Alto	55-69 (G3-A4)	Tenor	52-64 (E3-E4)	Bass	41-58 (F2-Bb3)	Piano 1	55-74 (G3-D5)	Piano 1	41-67 (F2-G4)	Piano 2	60-74 (C4-D5)	Piano 2	41-58 (F2-Bb3)				
82_D_Jeſu!_du_er_min	1: 4/4	1: 0	29	29	112.0	29	29	112.0	1052.0	514	57	0	0	0		Choral Bog		D Jeſu! du er min						2025-01-28	Linux			"<font size=""22""/>80. D Jeſu! du er min"	3.6.2	2.5.3	MS3	MS3/82_D_Jeſu!_du_er_min.mscx	False	40-76 (E2-E5)	mxl	Soprano	64-76 (E4-E5)	Alto	59-67 (B3-G4)	Tenor	52-64 (E3-E4)	Bass	40-57 (E2-A3)	Piano 1	59-76 (B3-E5)	Piano 1	40-67 (E2-G4)	Piano 2	64-76 (E4-E5)	Piano 2	40-57 (E2-A3)				
83_D_Jeſu!_for_din_Pine	1: 3/2	1: -1	15	15	84.0	15	15	84.0	848.0	269	29	0	0	0		Choral Bog		D Jeſu! for din Pine						2025-01-28	Linux			"<font size=""22""/>81. D Jeſu! for din Pine"	3.6.2	2.5.3	MS3	MS3/83_D_Jeſu!_for_din_Pine.mscx	False	43-74 (G2-D5)	mxl	Soprano	65-74 (F4-D5)	Alto	62-67 (D4-G4)	Tenor	54-65 (F#3-F4)	Bass	43-60 (G2-C4)	Piano 1	58-74 (Bb3-D5)	Piano 1	43-65 (G2-F4)	Piano 2	65-74 (F4-D5)	Piano 2	43-60 (G2-C4)				
84_D_ſtore_Gud!_vi_love_dig	1: 4/4	1: 0	212	212	846.0	212	212	846.0	8557.0	4348	506	0	0	0		Choral Bog		D ſtore Gud! vi love dig						2025-01-28	Linux			"<font size=""22""/>82. D ſtore Gud! vi love dig"	3.6.2	2.5.3	MS3	MS3/84_D_ſtore_Gud!_vi_love_dig.mscx	False	38-74 (D2-D5)	mxl	Soprano	60-74 (C4-D5)	Alto	57-69 (A3-A4)	Tenor	52-65 (E3-F4)	Bass	38-60 (D2-C4)	Piano 1	52-74 (E3-D5)	Piano 1	38-57 (D2-A3)	Piano 2	60-74 (C4-D5)	Piano 2	38-57 (D2-A3)				
85_Dm_Himmeriges_Rige_ſaa_ville_vi_tale	1: 4/4	1: 0	29	29	112.0	29	29	112.0	1130.0	544	64	0	0	0		Choral Bog		Dm Himmeriges Rige, ſaa ville vi tale						2025-01-28	Linux			"<font size=""22""/>83. Dm Himmeriges Rige, ſaa ville vi tale"	3.6.2	2.5.3	MS3	MS3/85_Dm_Himmeriges_Rige_ſaa_ville_vi_tale.mscx	False	40-74 (E2-D5)	mxl	Soprano	60-74 (C4-D5)	Alto	57-69 (A3-A4)	Tenor	52-64 (E3-E4)	Bass	40-57 (E2-A3)	Piano 1	55-74 (G3-D5)	Piano 1	40-64 (E2-E4)	Piano 2	60-74 (C4-D5)	Piano 2	40-57 (E2-A3)				
86_Dp!_alle_ſom_paa_Jorden_boer	1: 4/4	1: -1	19	19	72.0	19	19	72.0	730.0	377	42	0	0	0		Choral Bog		Dp! alle, ſom paa Jorden boer						2025-01-28	Linux			"<font size=""22""/>84. Dp! alle, ſom paa Jorden boer"	3.6.2	2.5.3	MS3	MS3/86_Dp!_alle_ſom_paa_Jorden_boer.mscx	False	41-74 (F2-D5)	mxl	Soprano	65-74 (F4-D5)	Alto	60-67 (C4-G4)	Tenor	53-65 (F3-F4)	Bass	41-55 (F2-G3)	Piano 1	60-74 (C4-D5)	Piano 1	41-65 (F2-F4)	Piano 2	65-74 (F4-D5)	Piano 2	41-55 (F2-G3)				
87_Dpløs_du_dog_min_Gud!_de_Baand	1: 4/4	1: -3	27	27	100.0	41	41	152.0	994.0	493	56	0	0	0		Choral Bog		Dpløs du dog, min Gud! de Baand						2025-01-28	Linux			"<font size=""22""/>85. Dpløs du dog, min Gud! de Baand"	3.6.2	2.5.3	MS3	MS3/87_Dpløs_du_dog_min_Gud!_de_Baand.mscx	False	40-77 (E2-F5)	mxl	Soprano	60-77 (C4-F5)	Alto	59-70 (B3-Bb4)	Tenor	51-63 (Eb3-Eb4)	Bass	40-56 (E2-Ab3)	Piano 1	55-77 (G3-F5)	Piano 1	40-65 (E2-F4)	Piano 2	60-77 (C4-F5)	Piano 2	40-56 (E2-Ab3)				
88_Paa_dig_haaber_jeg_min_Herre_from	1: 4/4	1: 1	21	21	80.0	21	21	80.0	802.0	406	51	0	0	0		Choral Bog		Paa dig haaber jeg, min Herre from						2025-01-28	Linux			"<font size=""22""/>86. Paa dig haaber jeg, min Herre from"	3.6.2	2.5.3	MS3	MS3/88_Paa_dig_haaber_jeg_min_Herre_from.mscx	False	45-76 (A2-E5)	mxl	Soprano	63-76 (D#4-E5)	Alto	59-71 (B3-B4)	Tenor	54-64 (F#3-E4)	Bass	45-59 (A2-B3)	Piano 1	59-76 (B3-E5)	Piano 1	45-64 (A2-E4)	Piano 2	63-76 (D#4-E5)	Piano 2	45-59 (A2-B3)				
89_Rind_nu_op_i_Jeſu_Ravn	1: 4/4	1: -3	32	32	128.0	32	32	128.0	1294.0	589	66	0	0	0		Choral Bog		Rind nu op i Jeſu Ravn						2025-01-28	Linux			"<font size=""22""/>87. Rind nu op i Jeſu Ravn"	3.6.2	2.5.3	MS3	MS3/89_Rind_nu_op_i_Jeſu_Ravn.mscx	False	41-75 (F2-Eb5)	mxl	Soprano	60-75 (C4-Eb5)	Alto	55-69 (G3-A4)	Tenor	51-65 (Eb3-F4)	Bass	41-56 (F2-Ab3)	Piano 1	55-75 (G3-Eb5)	Piano 1	41-67 (F2-G4)	Piano 2	60-75 (C4-Eb5)	Piano 2	41-56 (F2-Ab3)				
90_See_Solens_ſkiønne_Lys_og_Pragt	1: 4/4	1: 1	24	24	88.0	33	33	120.0	886.0	451	49	0	0	0		Choral Bog		See Solens ſkiønne Lys og Pragt						2025-01-28	Linux			"<font size=""22""/>88. See Solens ſkiønne Lys og Pragt"	3.6.2	2.5.3	MS3	MS3/90_See_Solens_ſkiønne_Lys_og_Pragt.mscx	False	42-76 (F#2-E5)	mxl	Soprano	62-76 (D4-E5)	Alto	61-69 (C#4-A4)	Tenor	54-64 (F#3-E4)	Bass	42-59 (F#2-B3)	Piano 1	57-76 (A3-E5)	Piano 1	42-66 (F#2-F#4)	Piano 2	62-76 (D4-E5)	Piano 2	42-59 (F#2-B3)				
91_Siunge_vi_af_Hiertens_Grund	1: 3/2	1: -1	28	28	168.0	28	28	168.0	1712.0	536	64	0	0	0		Choral Bog		Siunge vi af Hiertens Grund						2025-01-28	Linux			"<font size=""22""/>89. Siunge vi af Hiertens Grund"	3.6.2	2.5.3	MS3	MS3/91_Siunge_vi_af_Hiertens_Grund.mscx	False	41-77 (F2-F5)	mxl	Soprano	65-77 (F4-F5)	Alto	61-69 (C#4-A4)	Tenor	53-64 (F3-E4)	Bass	41-58 (F2-Bb3)	Piano 1	54-77 (F#3-F5)	Piano 1	41-58 (F2-Bb3)	Piano 2	65-77 (F4-F5)	Piano 2	41-58 (F2-Bb3)				
92_Store_Gud!_ſom_dig_til_Ære	1: 3/2	1: 0	32	32	192.0	40	40	240.0	1940.0	664	80	0	0	0		Choral Bog		Store Gud! ſom dig til Ære						2025-01-28	Linux			"<font size=""22""/>90. Store Gud! ſom dig til Ære"	3.6.2	2.5.3	MS3	MS3/92_Store_Gud!_ſom_dig_til_Ære.mscx	False	40-77 (E2-F5)	mxl	Soprano	62-77 (D4-F5)	Alto	57-71 (A3-B4)	Tenor	52-65 (E3-F4)	Bass	40-60 (E2-C4)	Piano 1	50-77 (D3-F5)	Piano 1	40-58 (E2-Bb3)	Piano 2	62-77 (D4-F5)	Piano 2	40-58 (E2-Bb3)				
93_Store_Prophete_med_himmelſke	1: 3/2	1: -1	16	16	96.0	24	24	144.0	970.0	406	44	0	0	0		Choral Bog		Store Prophete med himmelſke						2025-01-28	Linux			"<font size=""22""/>91. Store Prophete med himmelſke"	3.6.2	2.5.3	MS3	MS3/93_Store_Prophete_med_himmelſke.mscx	False	41-74 (F2-D5)	mxl	Soprano	62-74 (D4-D5)	Alto	60-67 (C4-G4)	Tenor	55-64 (G3-E4)	Bass	41-57 (F2-A3)	Piano 1	60-74 (C4-D5)	Piano 1	41-66 (F2-F#4)	Piano 2	62-74 (D4-D5)	Piano 2	41-58 (F2-Bb3)				
94_Søde_Jeſu!_vi_er'_her	1: 4/4	1: 1	18	18	72.0	27	27	108.0	724.0	313	39	0	0	0		Choral Bog		Søde Jeſu! vi er' her						2025-01-28	Linux			"<font size=""22""/>92. Søde Jeſu! vi er’ her"	3.6.2	2.5.3	MS3	MS3/94_Søde_Jeſu!_vi_er'_her.mscx	False	43-74 (G2-D5)	mxl	Soprano	62-74 (D4-D5)	Alto	57-67 (A3-G4)	Tenor	54-64 (F#3-E4)	Bass	43-59 (G2-B3)	Piano 1	57-74 (A3-D5)	Piano 1	43-62 (G2-D4)	Piano 2	62-74 (D4-D5)	Piano 2	43-59 (G2-B3)				
95_Udi_din_ſtore_Vrede	1: 4/4	1: 1	23	23	88.0	23	23	88.0	844.0	419	51	0	0	0		Choral Bog		Udi din ſtore Vrede						2025-01-28	Linux			"<font size=""22""/>93. Udi din ſtore Vrede"	3.6.2	2.5.3	MS3	MS3/95_Udi_din_ſtore_Vrede.mscx	False	43-74 (G2-D5)	mxl	Soprano	62-74 (D4-D5)	Alto	57-69 (A3-A4)	Tenor	54-64 (F#3-E4)	Bass	43-57 (G2-A3)	Piano 1	57-74 (A3-D5)	Piano 1	43-64 (G2-E4)	Piano 2	62-74 (D4-D5)	Piano 2	43-57 (G2-A3)				
96_Vi_takke_dig_o_Gud!_vor_Fnder	1: 4/4	1: -1	22	22	84.0	22	22	84.0	842.0	396	47	0	0	0		Choral Bog		Vi takke dig o Gud! vor Fnder						2025-01-28	Linux			"<font size=""22""/>94. Vi takke dig o Gud! vor Fnder"	3.6.2	2.5.3	MS3	MS3/96_Vi_takke_dig_o_Gud!_vor_Fnder.mscx	False	43-74 (G2-D5)	mxl	Soprano	66-74 (F#4-D5)	Alto	60-70 (C4-Bb4)	Tenor	54-67 (F#3-G4)	Bass	43-58 (G2-Bb3)	Piano 1	62-74 (D4-D5)	Piano 1	43-67 (G2-G4)	Piano 2	66-74 (F#4-D5)	Piano 2	43-60 (G2-C4)				
97_Vi_troe_alleſammen_paa_cen_Gud_Himmels	1: 4/4	1: 0	59	59	236.0	59	59	236.0	2382.0	1100	138	0	0	0		Choral Bog		Vi troe alleſammen paa cen Gud, Himmels						2025-01-28	Linux			"<font size=""22""/>95. Vi troe alleſammen paa cen Gud, Himmels"	3.6.2	2.5.3	MS3	MS3/97_Vi_troe_alleſammen_paa_cen_Gud_Himmels.mscx	False	40-76 (E2-E5)	mxl	Soprano	61-76 (C#4-E5)	Alto	55-71 (G3-B4)	Tenor	52-64 (E3-E4)	Bass	40-58 (E2-Bb3)	Piano 1	55-76 (G3-E5)	Piano 1	40-71 (E2-B4)	Piano 2	61-76 (C#4-E5)	Piano 2	40-58 (E2-Bb3)				
98_Vil_Gud_vor_Herre_ey_med_os_ſtaae	1: 4/4	1: -1	22	22	80.0	31	31	112.0	806.0	390	44	0	0	0		Choral Bog		Vil Gud vor Herre ey med os ſtaae						2025-01-28	Linux			"<font size=""22""/>96. Vil Gud vor Herre ey med os ſtaae"	3.6.2	2.5.3	MS3	MS3/98_Vil_Gud_vor_Herre_ey_med_os_ſtaae.mscx	False	41-74 (F2-D5)	mxl	Soprano	65-74 (F4-D5)	Alto	60-67 (C4-G4)	Tenor	54-63 (F#3-Eb4)	Bass	41-58 (F2-Bb3)	Piano 1	60-74 (C4-D5)	Piano 1	43-67 (G2-G4)	Piano 2	65-74 (F4-D5)	Piano 2	41-58 (F2-Bb3)				
99_Vor_Gud_haner_ſaa_ſaſt_en_Borg	1: 4/4	1: 0	26	26	96.0	35	35	128.0	972.0	518	63	0	0	0		Choral Bog		Vor Gud haner ſaa ſaſt en Borg						2025-01-28	Linux			"<font size=""22""/>97. Vor Gud haner ſaa ſaſt en Borg"	3.6.2	2.5.3	MS3	MS3/99_Vor_Gud_haner_ſaa_ſaſt_en_Borg.mscx	False	40-72 (E2-C5)	mxl	Soprano	60-72 (C4-C5)	Alto	55-69 (G3-A4)	Tenor	52-64 (E3-E4)	Bass	41-57 (F2-A3)	Piano 1	55-72 (G3-C5)	Piano 1	40-64 (E2-E4)	Piano 2	60-72 (C4-C5)	Piano 2	41-60 (F2-C4)				
