mc	mn	quarterbeats	quarterbeats_all_endings	duration_qb	mc_onset	mn_onset	timesig	staff	voice	duration	gracenote	nominal_duration	scalar	tied	tpc	midi	name	octave	chord_id
1	1	0	0	2.0	0	0	4/4	4	1	1/2		1/2	1		3	45	A2	2	6
1	1	0	0	4.0	0	0	4/4	6	1	1		1	1		3	45	A2	2	12
1	1	0	0	4.0	0	0	4/4	10	1	1		1	1		3	45	A2	2	15
1	1	0	0	2.0	0	0	4/4	3	1	1/2		1/2	1		0	60	C4	4	4
1	1	0	0	2.0	0	0	4/4	2	1	1/2		1/2	1		3	69	A4	4	2
1	1	0	0	4.0	0	0	4/4	5	2	1		1	1		3	69	A4	4	10
1	1	0	0	4.0	0	0	4/4	5	3	1		1	1		0	72	C5	5	11
1	1	0	0	2.0	0	0	4/4	1	1	1/2		1/2	1		4	76	E5	5	0
1	1	0	0	2.0	0	0	4/4	5	1	1/2		1/2	1		4	76	E5	5	8
1	1	0	0	2.0	0	0	4/4	9	1	1/2		1/2	1		4	76	E5	5	13
1	1	2	2	2.0	1/2	1/2	4/4	4	1	1/2		1/2	1		3	45	A2	2	7
1	1	2	2	2.0	1/2	1/2	4/4	3	1	1/2		1/2	1		0	60	C4	4	5
1	1	2	2	2.0	1/2	1/2	4/4	2	1	1/2		1/2	1		3	69	A4	4	3
1	1	2	2	2.0	1/2	1/2	4/4	1	1	1/2		1/2	1		-1	77	F5	5	1
1	1	2	2	2.0	1/2	1/2	4/4	5	1	1/2		1/2	1		-1	77	F5	5	9
1	1	2	2	2.0	1/2	1/2	4/4	9	1	1/2		1/2	1		-1	77	F5	5	14
2	2	4	4	2.0	0	0	4/4	4	1	1/2		1/2	1		5	47	B2	2	22
2	2	4	4	2.0	0	0	4/4	6	1	1/2		1/2	1		5	47	B2	2	30
2	2	4	4	2.0	0	0	4/4	10	1	1/2		1/2	1		5	47	B2	2	34
2	2	4	4	2.0	0	0	4/4	3	1	1/2		1/2	1		2	62	D4	4	20
2	2	4	4	2.0	0	0	4/4	5	2	1/2		1/2	1		2	62	D4	4	26
2	2	4	4	2.0	0	0	4/4	2	1	1/2		1/2	1		8	68	G#4	4	18
2	2	4	4	2.0	0	0	4/4	5	3	1/2		1/2	1		8	68	G#4	4	28
2	2	4	4	2.0	0	0	4/4	1	1	1/2		1/2	1		2	74	D5	5	16
2	2	4	4	2.0	0	0	4/4	5	1	1/2		1/2	1		2	74	D5	5	24
2	2	4	4	2.0	0	0	4/4	9	1	1/2		1/2	1		2	74	D5	5	32
2	2	6	6	2.0	1/2	1/2	4/4	4	1	1/2		1/2	1		0	48	C3	3	23
2	2	6	6	2.0	1/2	1/2	4/4	6	1	1/2		1/2	1		0	48	C3	3	31
2	2	6	6	2.0	1/2	1/2	4/4	10	1	1/2		1/2	1		0	48	C3	3	35
2	2	6	6	2.0	1/2	1/2	4/4	3	1	1/2		1/2	1		4	64	E4	4	21
2	2	6	6	2.0	1/2	1/2	4/4	5	2	1/2		1/2	1		4	64	E4	4	27
2	2	6	6	2.0	1/2	1/2	4/4	2	1	1/2		1/2	1	1	3	69	A4	4	19
2	2	6	6	2.0	1/2	1/2	4/4	5	3	1/2		1/2	1	1	3	69	A4	4	29
2	2	6	6	2.0	1/2	1/2	4/4	1	1	1/2		1/2	1		0	72	C5	5	17
2	2	6	6	2.0	1/2	1/2	4/4	5	1	1/2		1/2	1		0	72	C5	5	25
2	2	6	6	2.0	1/2	1/2	4/4	9	1	1/2		1/2	1		0	72	C5	5	33
3	3	8	8	2.0	0	0	4/4	4	1	1/2		1/2	1		2	50	D3	3	42
3	3	8	8	2.0	0	0	4/4	6	1	1/2		1/2	1		2	50	D3	3	50
3	3	8	8	2.0	0	0	4/4	10	1	1/2		1/2	1		2	50	D3	3	54
3	3	8	8	2.0	0	0	4/4	3	1	1/2		1/2	1		-1	65	F4	4	40
3	3	8	8	2.0	0	0	4/4	5	2	1/2		1/2	1		-1	65	F4	4	46
3	3	8	8	2.0	0	0	4/4	2	1	1/2		1/2	1	-1	3	69	A4	4	38
3	3	8	8	2.0	0	0	4/4	5	3	1/2		1/2	1	-1	3	69	A4	4	48
3	3	8	8	3.0	0	0	4/4	1	1	3/4		1/2	3/2		5	71	B4	4	36
3	3	8	8	3.0	0	0	4/4	5	1	3/4		1/2	3/2		5	71	B4	4	44
3	3	8	8	3.0	0	0	4/4	9	1	3/4		1/2	3/2		5	71	B4	4	52
3	3	10	10	2.0	1/2	1/2	4/4	4	1	1/2		1/2	1		4	52	E3	3	43
3	3	10	10	2.0	1/2	1/2	4/4	6	1	1/2		1/2	1		4	52	E3	3	51
3	3	10	10	2.0	1/2	1/2	4/4	10	1	1/2		1/2	1		4	52	E3	3	55
3	3	10	10	2.0	1/2	1/2	4/4	3	1	1/2		1/2	1		4	64	E4	4	41
3	3	10	10	2.0	1/2	1/2	4/4	5	2	1/2		1/2	1		4	64	E4	4	47
3	3	10	10	2.0	1/2	1/2	4/4	2	1	1/2		1/2	1		8	68	G#4	4	39
3	3	10	10	2.0	1/2	1/2	4/4	5	3	1/2		1/2	1		8	68	G#4	4	49
3	3	11	11	1.0	3/4	3/4	4/4	1	1	1/4		1/4	1		2	74	D5	5	37
3	3	11	11	1.0	3/4	3/4	4/4	5	1	1/4		1/4	1		2	74	D5	5	45
3	3	11	11	1.0	3/4	3/4	4/4	9	1	1/4		1/4	1		2	74	D5	5	53
4	4	12	12	2.0	0	0	4/4	4	1	1/2		1/2	1		3	45	A2	2	64
4	4	12	12	2.0	0	0	4/4	6	1	1/2		1/2	1		3	45	A2	2	74
4	4	12	12	4.0	0	0	4/4	10	1	1		1	1		3	45	A2	2	80
4	4	12	12	2.0	0	0	4/4	3	1	1/2		1/2	1		4	64	E4	4	62
4	4	12	12	2.0	0	0	4/4	5	2	1/2		1/2	1		4	64	E4	4	70
4	4	12	12	2.0	0	0	4/4	2	1	1/2		1/2	1		3	69	A4	4	60
4	4	12	12	2.0	0	0	4/4	5	3	1/2		1/2	1		3	69	A4	4	72
4	4	12	12	0.5	0	0	4/4	1	1	1/8		1/8	1		0	72	C5	5	56
4	4	12	12	0.5	0	0	4/4	5	1	1/8		1/8	1		0	72	C5	5	66
4	4	12	12	0.5	0	0	4/4	9	1	1/8		1/8	1		0	72	C5	5	76
4	4	25/2	25/2	0.5	1/8	1/8	4/4	1	1	1/8		1/8	1		5	71	B4	4	57
4	4	25/2	25/2	0.5	1/8	1/8	4/4	5	1	1/8		1/8	1		5	71	B4	4	67
4	4	25/2	25/2	0.5	1/8	1/8	4/4	9	1	1/8		1/8	1		5	71	B4	4	77
4	4	13	13	1.0	1/4	1/4	4/4	1	1	1/4		1/4	1		3	69	A4	4	58
4	4	13	13	1.0	1/4	1/4	4/4	5	1	1/4		1/4	1		3	69	A4	4	68
4	4	13	13	1.0	1/4	1/4	4/4	9	1	1/4		1/4	1		3	69	A4	4	78
4	4	14	14	2.0	1/2	1/2	4/4	4	1	1/2		1/2	1		3	45	A2	2	65
4	4	14	14	2.0	1/2	1/2	4/4	6	1	1/2		1/2	1		3	45	A2	2	75
4	4	14	14	2.0	1/2	1/2	4/4	3	1	1/2		1/2	1		0	60	C4	4	63
4	4	14	14	2.0	1/2	1/2	4/4	5	2	1/2		1/2	1		0	60	C4	4	71
4	4	14	14	2.0	1/2	1/2	4/4	2	1	1/2		1/2	1		4	64	E4	4	61
4	4	14	14	2.0	1/2	1/2	4/4	5	3	1/2		1/2	1		4	64	E4	4	73
4	4	14	14	2.0	1/2	1/2	4/4	1	1	1/2		1/2	1		3	69	A4	4	59
4	4	14	14	2.0	1/2	1/2	4/4	5	1	1/2		1/2	1		3	69	A4	4	69
4	4	14	14	2.0	1/2	1/2	4/4	9	1	1/2		1/2	1		3	69	A4	4	79
5	5	16	16	2.0	0	0	4/4	4	1	1/2		1/2	1		6	54	F#3	3	87
5	5	16	16	2.0	0	0	4/4	6	1	1/2		1/2	1		6	54	F#3	3	95
5	5	16	16	2.0	0	0	4/4	10	1	1/2		1/2	1		6	54	F#3	3	99
5	5	16	16	2.0	0	0	4/4	3	1	1/2		1/2	1		2	62	D4	4	85
5	5	16	16	2.0	0	0	4/4	5	2	1/2		1/2	1		2	62	D4	4	91
5	5	16	16	2.0	0	0	4/4	2	1	1/2		1/2	1		3	69	A4	4	83
5	5	16	16	2.0	0	0	4/4	5	3	1/2		1/2	1		3	69	A4	4	93
5	5	16	16	2.0	0	0	4/4	1	1	1/2		1/2	1		0	72	C5	5	81
5	5	16	16	2.0	0	0	4/4	5	1	1/2		1/2	1		0	72	C5	5	89
5	5	16	16	2.0	0	0	4/4	9	1	1/2		1/2	1		0	72	C5	5	97
5	5	18	18	2.0	1/2	1/2	4/4	4	1	1/2		1/2	1		-1	53	F3	3	88
5	5	18	18	2.0	1/2	1/2	4/4	6	1	1/2		1/2	1		-1	53	F3	3	96
5	5	18	18	2.0	1/2	1/2	4/4	10	1	1/2		1/2	1		-1	53	F3	3	100
5	5	18	18	2.0	1/2	1/2	4/4	3	1	1/2		1/2	1		2	62	D4	4	86
5	5	18	18	2.0	1/2	1/2	4/4	5	2	1/2		1/2	1		2	62	D4	4	92
5	5	18	18	2.0	1/2	1/2	4/4	2	1	1/2		1/2	1		1	67	G4	4	84
5	5	18	18	2.0	1/2	1/2	4/4	5	3	1/2		1/2	1		1	67	G4	4	94
5	5	18	18	2.0	1/2	1/2	4/4	1	1	1/2		1/2	1		5	71	B4	4	82
5	5	18	18	2.0	1/2	1/2	4/4	5	1	1/2		1/2	1		5	71	B4	4	90
5	5	18	18	2.0	1/2	1/2	4/4	9	1	1/2		1/2	1		5	71	B4	4	98
6	6	20	20	2.0	0	0	4/4	4	1	1/2		1/2	1		4	52	E3	3	107
6	6	20	20	2.0	0	0	4/4	6	1	1/2		1/2	1		4	52	E3	3	115
6	6	20	20	2.0	0	0	4/4	10	1	1/2		1/2	1		4	52	E3	3	119
6	6	20	20	2.0	0	0	4/4	3	1	1/2		1/2	1		4	64	E4	4	105
6	6	20	20	2.0	0	0	4/4	5	2	1/2		1/2	1		4	64	E4	4	111
6	6	20	20	2.0	0	0	4/4	2	1	1/2		1/2	1		1	67	G4	4	103
6	6	20	20	2.0	0	0	4/4	5	3	1/2		1/2	1		1	67	G4	4	113
6	6	20	20	2.0	0	0	4/4	1	1	1/2		1/2	1		7	73	C#5	5	101
6	6	20	20	2.0	0	0	4/4	5	1	1/2		1/2	1		7	73	C#5	5	109
6	6	20	20	2.0	0	0	4/4	9	1	1/2		1/2	1		7	73	C#5	5	117
6	6	22	22	2.0	1/2	1/2	4/4	4	1	1/2		1/2	1		2	50	D3	3	108
6	6	22	22	2.0	1/2	1/2	4/4	6	1	1/2		1/2	1		2	50	D3	3	116
6	6	22	22	2.0	1/2	1/2	4/4	10	1	1/2		1/2	1		2	50	D3	3	120
6	6	22	22	2.0	1/2	1/2	4/4	3	1	1/2		1/2	1		3	57	A3	3	106
6	6	22	22	2.0	1/2	1/2	4/4	2	1	1/2		1/2	1		-1	65	F4	4	104
6	6	22	22	2.0	1/2	1/2	4/4	5	2	1/2		1/2	1		-1	65	F4	4	112
6	6	22	22	2.0	1/2	1/2	4/4	5	3	1/2		1/2	1		3	69	A4	4	114
6	6	22	22	2.0	1/2	1/2	4/4	1	1	1/2		1/2	1		2	74	D5	5	102
6	6	22	22	2.0	1/2	1/2	4/4	5	1	1/2		1/2	1		2	74	D5	5	110
6	6	22	22	2.0	1/2	1/2	4/4	9	1	1/2		1/2	1		2	74	D5	5	118
7	7	24	24	2.0	0	0	4/4	4	1	1/2		1/2	1		9	51	D#3	3	128
7	7	24	24	4.0	0	0	4/4	6	1	1		1	1		9	51	D#3	3	135
7	7	24	24	4.0	0	0	4/4	10	1	1		1	1		9	51	D#3	3	139
7	7	24	24	2.0	0	0	4/4	3	1	1/2		1/2	1		3	57	A3	3	126
7	7	24	24	2.0	0	0	4/4	2	1	1/2		1/2	1		6	66	F#4	4	124
7	7	24	24	4.0	0	0	4/4	5	2	1		1	1		6	66	F#4	4	133
7	7	24	24	4.0	0	0	4/4	5	3	1		1	1		3	69	A4	4	134
7	7	24	24	1.0	0	0	4/4	1	1	1/4		1/4	1		0	72	C5	5	121
7	7	24	24	1.0	0	0	4/4	5	1	1/4		1/4	1		0	72	C5	5	130
7	7	24	24	1.0	0	0	4/4	9	1	1/4		1/4	1		0	72	C5	5	136
7	7	25	25	1.0	1/4	1/4	4/4	1	1	1/4		1/4	1		5	71	B4	4	122
7	7	25	25	1.0	1/4	1/4	4/4	5	1	1/4		1/4	1		5	71	B4	4	131
7	7	25	25	1.0	1/4	1/4	4/4	9	1	1/4		1/4	1		5	71	B4	4	137
7	7	26	26	2.0	1/2	1/2	4/4	4	1	1/2		1/2	1		9	51	D#3	3	129
7	7	26	26	2.0	1/2	1/2	4/4	3	1	1/2		1/2	1		3	57	A3	3	127
7	7	26	26	2.0	1/2	1/2	4/4	2	1	1/2		1/2	1		6	66	F#4	4	125
7	7	26	26	2.0	1/2	1/2	4/4	1	1	1/2		1/2	1		0	72	C5	5	123
7	7	26	26	2.0	1/2	1/2	4/4	5	1	1/2		1/2	1		0	72	C5	5	132
7	7	26	26	2.0	1/2	1/2	4/4	9	1	1/2		1/2	1		0	72	C5	5	138
8	8	28	28	2.0	0	0	4/4	4	1	1/2		1/2	1		4	52	E3	3	146
8	8	28	28	4.0	0	0	4/4	6	1	1		1	1		4	52	E3	3	153
8	8	28	28	4.0	0	0	4/4	10	1	1		1	1		4	52	E3	3	156
8	8	28	28	2.0	0	0	4/4	3	1	1/2		1/2	1		3	57	A3	3	144
8	8	28	28	2.0	0	0	4/4	2	1	1/2		1/2	1		4	64	E4	4	142
8	8	28	28	4.0	0	0	4/4	5	2	1		1	1		4	64	E4	4	150
8	8	28	28	2.0	0	0	4/4	5	3	1/2		1/2	1		3	69	A4	4	151
8	8	28	28	2.0	0	0	4/4	1	1	1/2		1/2	1		0	72	C5	5	140
8	8	28	28	2.0	0	0	4/4	5	1	1/2		1/2	1		0	72	C5	5	148
8	8	28	28	2.0	0	0	4/4	9	1	1/2		1/2	1		0	72	C5	5	154
8	8	30	30	2.0	1/2	1/2	4/4	4	1	1/2		1/2	1		4	52	E3	3	147
8	8	30	30	2.0	1/2	1/2	4/4	3	1	1/2		1/2	1		8	56	G#3	3	145
8	8	30	30	2.0	1/2	1/2	4/4	2	1	1/2		1/2	1		4	64	E4	4	143
8	8	30	30	2.0	1/2	1/2	4/4	5	3	1/2		1/2	1		8	68	G#4	4	152
8	8	30	30	2.0	1/2	1/2	4/4	1	1	1/2		1/2	1		5	71	B4	4	141
8	8	30	30	2.0	1/2	1/2	4/4	5	1	1/2		1/2	1		5	71	B4	4	149
8	8	30	30	2.0	1/2	1/2	4/4	9	1	1/2		1/2	1		5	71	B4	4	155
9	9	32	32	2.0	0	0	4/4	4	1	1/2		1/2	1		-1	53	F3	3	163
9	9	32	32	2.0	0	0	4/4	6	1	1/2		1/2	1		-1	53	F3	3	171
9	9	32	32	2.0	0	0	4/4	10	1	1/2		1/2	1		-1	53	F3	3	175
9	9	32	32	2.0	0	0	4/4	3	1	1/2		1/2	1		3	57	A3	3	161
9	9	32	32	2.0	0	0	4/4	5	2	1/2		1/2	1		2	62	D4	4	167
9	9	32	32	2.0	0	0	4/4	2	1	1/2		1/2	1		3	69	A4	4	159
9	9	32	32	2.0	0	0	4/4	5	3	1/2		1/2	1		3	69	A4	4	169
9	9	32	32	2.0	0	0	4/4	1	1	1/2		1/2	1		2	74	D5	5	157
9	9	32	32	2.0	0	0	4/4	5	1	1/2		1/2	1		2	74	D5	5	165
9	9	32	32	2.0	0	0	4/4	9	1	1/2		1/2	1		2	74	D5	5	173
9	9	34	34	2.0	1/2	1/2	4/4	4	1	1/2		1/2	1		4	52	E3	3	164
9	9	34	34	2.0	1/2	1/2	4/4	6	1	1/2		1/2	1		4	52	E3	3	172
9	9	34	34	2.0	1/2	1/2	4/4	10	1	1/2		1/2	1		4	52	E3	3	176
9	9	34	34	2.0	1/2	1/2	4/4	3	1	1/2		1/2	1		7	61	C#4	4	162
9	9	34	34	2.0	1/2	1/2	4/4	5	2	1/2		1/2	1		7	61	C#4	4	168
9	9	34	34	2.0	1/2	1/2	4/4	2	1	1/2		1/2	1		1	67	G4	4	160
9	9	34	34	2.0	1/2	1/2	4/4	5	3	1/2		1/2	1		1	67	G4	4	170
9	9	34	34	2.0	1/2	1/2	4/4	1	1	1/2		1/2	1		4	76	E5	5	158
9	9	34	34	2.0	1/2	1/2	4/4	5	1	1/2		1/2	1		4	76	E5	5	166
9	9	34	34	2.0	1/2	1/2	4/4	9	1	1/2		1/2	1		4	76	E5	5	174
10	10	36	36	2.0	0	0	4/4	4	1	1/2		1/2	1		2	50	D3	3	185
10	10	36	36	2.0	0	0	4/4	6	1	1/2		1/2	1		2	50	D3	3	195
10	10	36	36	2.0	0	0	4/4	10	1	1/2		1/2	1		2	50	D3	3	200
10	10	36	36	1.0	0	0	4/4	3	1	1/4		1/4	1		2	62	D4	4	182
10	10	36	36	2.0	0	0	4/4	5	2	1/2		1/2	1		2	62	D4	4	190
10	10	36	36	1.0	0	0	4/4	2	1	1/4		1/4	1		3	69	A4	4	179
10	10	36	36	1.0	0	0	4/4	5	3	1/4		1/4	1		3	69	A4	4	192
10	10	36	36	2.0	0	0	4/4	1	1	1/2		1/2	1		-1	77	F5	5	177
10	10	36	36	2.0	0	0	4/4	5	1	1/2		1/2	1		-1	77	F5	5	188
10	10	36	36	2.0	0	0	4/4	9	1	1/2		1/2	1		-1	77	F5	5	198
10	10	37	37	1.0	1/4	1/4	4/4	3	1	1/4		1/4	1		5	59	B3	3	183
10	10	37	37	1.0	1/4	1/4	4/4	2	1	1/4		1/4	1		1	67	G4	4	180
10	10	37	37	1.0	1/4	1/4	4/4	5	3	1/4		1/4	1		5	71	B4	4	193
10	10	38	38	1.0	1/2	1/2	4/4	4	1	1/4		1/4	1		4	52	E3	3	186
10	10	38	38	1.0	1/2	1/2	4/4	6	1	1/4		1/4	1		4	52	E3	3	196
10	10	38	38	1.0	1/2	1/2	4/4	10	1	1/4		1/4	1		4	52	E3	3	201
10	10	38	38	2.0	1/2	1/2	4/4	3	1	1/2		1/2	1	1	0	60	C4	4	184
10	10	38	38	2.0	1/2	1/2	4/4	5	2	1/2		1/2	1	1	0	60	C4	4	191
10	10	38	38	2.0	1/2	1/2	4/4	2	1	1/2		1/2	1		1	67	G4	4	181
10	10	38	38	2.0	1/2	1/2	4/4	5	3	1/2		1/2	1		0	72	C5	5	194
10	10	38	38	2.0	1/2	1/2	4/4	1	1	1/2		1/2	1		4	76	E5	5	178
10	10	38	38	2.0	1/2	1/2	4/4	5	1	1/2		1/2	1		4	76	E5	5	189
10	10	38	38	2.0	1/2	1/2	4/4	9	1	1/2		1/2	1		4	76	E5	5	199
10	10	39	39	1.0	3/4	3/4	4/4	4	1	1/4		1/4	1		-1	53	F3	3	187
10	10	39	39	1.0	3/4	3/4	4/4	6	1	1/4		1/4	1		-1	53	F3	3	197
10	10	39	39	1.0	3/4	3/4	4/4	10	1	1/4		1/4	1		-1	53	F3	3	202
11	11	40	40	2.0	0	0	4/4	4	1	1/2		1/2	1		1	55	G3	3	210
11	11	40	40	2.0	0	0	4/4	10	1	1/2		1/2	1		1	55	G3	3	222
11	11	40	40	4.0	0	0	4/4	6	1	1		1	1		1	55	G3	3	218
11	11	40	40	2.0	0	0	4/4	3	1	1/2		1/2	1	-1	0	60	C4	4	208
11	11	40	40	2.0	0	0	4/4	5	2	1/2		1/2	1	-1	0	60	C4	4	215
11	11	40	40	2.0	0	0	4/4	2	1	1/2		1/2	1		1	67	G4	4	206
11	11	40	40	4.0	0	0	4/4	5	3	1		1	1		1	67	G4	4	217
11	11	40	40	1.0	0	0	4/4	1	1	1/4		1/4	1		2	74	D5	5	203
11	11	40	40	1.0	0	0	4/4	5	1	1/4		1/4	1		2	74	D5	5	212
11	11	40	40	1.0	0	0	4/4	9	1	1/4		1/4	1		2	74	D5	5	219
11	11	41	41	1.0	1/4	1/4	4/4	1	1	1/4		1/4	1		0	72	C5	5	204
11	11	41	41	1.0	1/4	1/4	4/4	5	1	1/4		1/4	1		0	72	C5	5	213
11	11	41	41	1.0	1/4	1/4	4/4	9	1	1/4		1/4	1		0	72	C5	5	220
11	11	42	42	2.0	1/2	1/2	4/4	4	1	1/2		1/2	1		1	43	G2	2	211
11	11	42	42	2.0	1/2	1/2	4/4	10	1	1/2		1/2	1		1	43	G2	2	223
11	11	42	42	2.0	1/2	1/2	4/4	3	1	1/2		1/2	1		5	59	B3	3	209
11	11	42	42	2.0	1/2	1/2	4/4	5	2	1/2		1/2	1		5	59	B3	3	216
11	11	42	42	2.0	1/2	1/2	4/4	2	1	1/2		1/2	1		1	67	G4	4	207
11	11	42	42	2.0	1/2	1/2	4/4	1	1	1/2		1/2	1		2	74	D5	5	205
11	11	42	42	2.0	1/2	1/2	4/4	5	1	1/2		1/2	1		2	74	D5	5	214
11	11	42	42	2.0	1/2	1/2	4/4	9	1	1/2		1/2	1		2	74	D5	5	221
12	12	44	44	4.0	0	0	4/4	4	1	1		1	1		0	48	C3	3	227
12	12	44	44	4.0	0	0	4/4	6	1	1		1	1		0	48	C3	3	231
12	12	44	44	4.0	0	0	4/4	10	1	1		1	1		0	48	C3	3	233
12	12	44	44	4.0	0	0	4/4	3	1	1		1	1		0	60	C4	4	226
12	12	44	44	4.0	0	0	4/4	5	2	1		1	1		0	60	C4	4	229
12	12	44	44	4.0	0	0	4/4	2	1	1		1	1		4	64	E4	4	225
12	12	44	44	4.0	0	0	4/4	5	3	1		1	1		1	67	G4	4	230
12	12	44	44	4.0	0	0	4/4	1	1	1		1	1		0	72	C5	5	224
12	12	44	44	4.0	0	0	4/4	5	1	1		1	1		0	72	C5	5	228
12	12	44	44	4.0	0	0	4/4	9	1	1		1	1		0	72	C5	5	232
13	13	48	48	2.0	0	0	4/4	4	1	1/2		1/2	1		2	50	D3	3	240
13	13	48	48	2.0	0	0	4/4	6	1	1/2		1/2	1		2	50	D3	3	248
13	13	48	48	2.0	0	0	4/4	10	1	1/2		1/2	1		2	50	D3	3	252
13	13	48	48	2.0	0	0	4/4	2	1	1/2		1/2	1		2	62	D4	4	236
13	13	48	48	2.0	0	0	4/4	5	2	1/2		1/2	1		2	62	D4	4	244
13	13	48	48	2.0	0	0	4/4	3	1	1/2		1/2	1		-1	65	F4	4	238
13	13	48	48	2.0	0	0	4/4	5	3	1/2		1/2	1		-1	65	F4	4	246
13	13	48	48	2.0	0	0	4/4	1	1	1/2		1/2	1		-2	70	Bb4	4	234
13	13	48	48	2.0	0	0	4/4	5	1	1/2		1/2	1		-2	70	Bb4	4	242
13	13	48	48	2.0	0	0	4/4	9	1	1/2		1/2	1		-2	70	Bb4	4	250
13	13	50	50	2.0	1/2	1/2	4/4	4	1	1/2		1/2	1		4	52	E3	3	241
13	13	50	50	2.0	1/2	1/2	4/4	6	1	1/2		1/2	1		4	52	E3	3	249
13	13	50	50	2.0	1/2	1/2	4/4	10	1	1/2		1/2	1		4	52	E3	3	253
13	13	50	50	2.0	1/2	1/2	4/4	3	1	1/2		1/2	1		0	60	C4	4	239
13	13	50	50	2.0	1/2	1/2	4/4	5	2	1/2		1/2	1		0	60	C4	4	245
13	13	50	50	2.0	1/2	1/2	4/4	2	1	1/2		1/2	1		1	67	G4	4	237
13	13	50	50	2.0	1/2	1/2	4/4	5	3	1/2		1/2	1		1	67	G4	4	247
13	13	50	50	2.0	1/2	1/2	4/4	1	1	1/2		1/2	1		-2	70	Bb4	4	235
13	13	50	50	2.0	1/2	1/2	4/4	5	1	1/2		1/2	1		-2	70	Bb4	4	243
13	13	50	50	2.0	1/2	1/2	4/4	9	1	1/2		1/2	1		-2	70	Bb4	4	251
14	14	52	52	2.0	0	0	4/4	4	1	1/2		1/2	1		-1	53	F3	3	261
14	14	52	52	2.0	0	0	4/4	6	1	1/2		1/2	1		-1	53	F3	3	270
14	14	52	52	2.0	0	0	4/4	10	1	1/2		1/2	1		-1	53	F3	3	274
14	14	52	52	2.0	0	0	4/4	3	1	1/2		1/2	1		0	60	C4	4	259
14	14	52	52	2.0	0	0	4/4	5	2	1/2		1/2	1		0	60	C4	4	265
14	14	52	52	2.0	0	0	4/4	2	1	1/2		1/2	1		-1	65	F4	4	256
14	14	52	52	2.0	0	0	4/4	5	3	1/2		1/2	1		-1	65	F4	4	267
14	14	52	52	2.0	0	0	4/4	1	1	1/2		1/2	1		3	69	A4	4	254
14	14	52	52	2.0	0	0	4/4	5	1	1/2		1/2	1		3	69	A4	4	263
14	14	52	52	2.0	0	0	4/4	9	1	1/2		1/2	1		3	69	A4	4	272
14	14	54	54	2.0	1/2	1/2	4/4	4	1	1/2		1/2	1		-2	58	Bb3	3	262
14	14	54	54	2.0	1/2	1/2	4/4	6	1	1/2		1/2	1		-2	58	Bb3	3	271
14	14	54	54	2.0	1/2	1/2	4/4	10	1	1/2		1/2	1		-2	58	Bb3	3	275
14	14	54	54	2.0	1/2	1/2	4/4	3	1	1/2		1/2	1		0	60	C4	4	260
14	14	54	54	2.0	1/2	1/2	4/4	5	2	1/2		1/2	1		0	60	C4	4	266
14	14	54	54	1.0	1/2	1/2	4/4	2	1	1/4		1/4	1		4	64	E4	4	257
14	14	54	54	1.0	1/2	1/2	4/4	5	3	1/4		1/4	1		4	64	E4	4	268
14	14	54	54	2.0	1/2	1/2	4/4	1	1	1/2		1/2	1		1	67	G4	4	255
14	14	54	54	2.0	1/2	1/2	4/4	5	1	1/2		1/2	1		1	67	G4	4	264
14	14	54	54	2.0	1/2	1/2	4/4	9	1	1/2		1/2	1		1	67	G4	4	273
14	14	55	55	1.0	3/4	3/4	4/4	2	1	1/4		1/4	1	1	1	67	G4	4	258
14	14	55	55	1.0	3/4	3/4	4/4	5	3	1/4		1/4	1	1	1	67	G4	4	269
15	15	56	56	2.0	0	0	4/4	4	1	1/2		1/2	1		3	57	A3	3	284
15	15	56	56	4.0	0	0	4/4	6	1	1		1	1		3	57	A3	3	294
15	15	56	56	4.0	0	0	4/4	10	1	1		1	1		3	57	A3	3	297
15	15	56	56	3.0	0	0	4/4	3	1	3/4		1/2	3/2		0	60	C4	4	282
15	15	56	56	3.0	0	0	4/4	5	2	3/4		1/2	3/2		0	60	C4	4	288
15	15	56	56	1.0	0	0	4/4	2	1	1/4		1/4	1	-1	1	67	G4	4	278
15	15	56	56	1.0	0	0	4/4	5	3	1/4		1/4	1	-1	1	67	G4	4	290
15	15	56	56	3.0	0	0	4/4	1	1	3/4		1/2	3/2		0	72	C5	5	276
15	15	56	56	3.0	0	0	4/4	5	1	3/4		1/2	3/2		0	72	C5	5	286
15	15	56	56	3.0	0	0	4/4	9	1	3/4		1/2	3/2		0	72	C5	5	295
15	15	57	57	0.5	1/4	1/4	4/4	2	1	1/8		1/8	1		-1	65	F4	4	279
15	15	57	57	0.5	1/4	1/4	4/4	5	3	1/8		1/8	1		-1	65	F4	4	291
15	15	115/2	115/2	0.5	3/8	3/8	4/4	2	1	1/8		1/8	1		4	64	E4	4	280
15	15	115/2	115/2	0.5	3/8	3/8	4/4	5	3	1/8		1/8	1		4	64	E4	4	292
15	15	58	58	2.0	1/2	1/2	4/4	4	1	1/2		1/2	1		3	57	A3	3	285
15	15	58	58	2.0	1/2	1/2	4/4	2	1	1/2		1/2	1	1	-1	65	F4	4	281
15	15	58	58	2.0	1/2	1/2	4/4	5	3	1/2		1/2	1	1	-1	65	F4	4	293
15	15	59	59	1.0	3/4	3/4	4/4	3	1	1/4		1/4	1		3	57	A3	3	283
15	15	59	59	1.0	3/4	3/4	4/4	5	2	1/4		1/4	1		3	57	A3	3	289
15	15	59	59	1.0	3/4	3/4	4/4	1	1	1/4		1/4	1		2	74	D5	5	277
15	15	59	59	1.0	3/4	3/4	4/4	5	1	1/4		1/4	1		2	74	D5	5	287
15	15	59	59	1.0	3/4	3/4	4/4	9	1	1/4		1/4	1		2	74	D5	5	296
16	16	60	60	0.0	0	0	4/4	1	1	0	grace4	1/4	1		0	72	C5	5	298
16	16	60	60	0.0	0	0	4/4	5	1	0	grace4	1/4	1		0	72	C5	5	309
16	16	60	60	0.0	0	0	4/4	9	1	0	grace4	1/4	1		0	72	C5	5	320
16	16	60	60	2.0	0	0	4/4	4	1	1/2		1/2	1		1	55	G3	3	307
16	16	60	60	2.0	0	0	4/4	6	1	1/2		1/2	1		1	55	G3	3	318
16	16	60	60	2.0	0	0	4/4	10	1	1/2		1/2	1		1	55	G3	3	323
16	16	60	60	1.0	0	0	4/4	3	1	1/4		1/4	1		2	62	D4	4	304
16	16	60	60	1.0	0	0	4/4	5	2	1/4		1/4	1		2	62	D4	4	312
16	16	60	60	1.0	0	0	4/4	2	1	1/4		1/4	1	-1	-1	65	F4	4	301
16	16	60	60	1.0	0	0	4/4	5	3	1/4		1/4	1	-1	-1	65	F4	4	315
16	16	60	60	2.0	0	0	4/4	1	1	1/2		1/2	1		-2	70	Bb4	4	299
16	16	60	60	2.0	0	0	4/4	5	1	1/2		1/2	1		-2	70	Bb4	4	310
16	16	60	60	2.0	0	0	4/4	9	1	1/2		1/2	1		-2	70	Bb4	4	321
16	16	61	61	1.0	1/4	1/4	4/4	3	1	1/4		1/4	1		-2	58	Bb3	3	305
16	16	61	61	1.0	1/4	1/4	4/4	5	2	1/4		1/4	1		-2	58	Bb3	3	313
16	16	61	61	1.0	1/4	1/4	4/4	2	1	1/4		1/4	1		4	64	E4	4	302
16	16	61	61	1.0	1/4	1/4	4/4	5	3	1/4		1/4	1		4	64	E4	4	316
16	16	62	62	2.0	1/2	1/2	4/4	4	1	1/2		1/2	1		-1	53	F3	3	308
16	16	62	62	2.0	1/2	1/2	4/4	6	1	1/2		1/2	1		-1	53	F3	3	319
16	16	62	62	2.0	1/2	1/2	4/4	10	1	1/2		1/2	1		-1	53	F3	3	324
16	16	62	62	2.0	1/2	1/2	4/4	3	1	1/2		1/2	1		0	60	C4	4	306
16	16	62	62	2.0	1/2	1/2	4/4	5	2	1/2		1/2	1		0	60	C4	4	314
16	16	62	62	2.0	1/2	1/2	4/4	2	1	1/2		1/2	1		-1	65	F4	4	303
16	16	62	62	2.0	1/2	1/2	4/4	5	3	1/2		1/2	1		-1	65	F4	4	317
16	16	62	62	2.0	1/2	1/2	4/4	1	1	1/2		1/2	1		3	69	A4	4	300
16	16	62	62	2.0	1/2	1/2	4/4	5	1	1/2		1/2	1		3	69	A4	4	311
16	16	62	62	2.0	1/2	1/2	4/4	9	1	1/2		1/2	1		3	69	A4	4	322
17	17	64	64	2.0	0	0	4/4	4	1	1/2		1/2	1		-1	53	F3	3	331
17	17	64	64	2.0	0	0	4/4	6	1	1/2		1/2	1		-1	53	F3	3	339
17	17	64	64	2.0	0	0	4/4	10	1	1/2		1/2	1		-1	53	F3	3	343
17	17	64	64	2.0	0	0	4/4	3	1	1/2		1/2	1		2	62	D4	4	329
17	17	64	64	2.0	0	0	4/4	5	2	1/2		1/2	1		2	62	D4	4	335
17	17	64	64	2.0	0	0	4/4	2	1	1/2		1/2	1		3	69	A4	4	327
17	17	64	64	2.0	0	0	4/4	5	3	1/2		1/2	1		3	69	A4	4	337
17	17	64	64	2.0	0	0	4/4	1	1	1/2		1/2	1		2	74	D5	5	325
17	17	64	64	2.0	0	0	4/4	5	1	1/2		1/2	1		2	74	D5	5	333
17	17	64	64	2.0	0	0	4/4	9	1	1/2		1/2	1		2	74	D5	5	341
17	17	66	66	2.0	1/2	1/2	4/4	4	1	1/2		1/2	1		4	52	E3	3	332
17	17	66	66	2.0	1/2	1/2	4/4	6	1	1/2		1/2	1		4	52	E3	3	340
17	17	66	66	2.0	1/2	1/2	4/4	10	1	1/2		1/2	1		4	52	E3	3	344
17	17	66	66	2.0	1/2	1/2	4/4	3	1	1/2		1/2	1		4	64	E4	4	330
17	17	66	66	2.0	1/2	1/2	4/4	5	2	1/2		1/2	1		4	64	E4	4	336
17	17	66	66	2.0	1/2	1/2	4/4	2	1	1/2		1/2	1		3	69	A4	4	328
17	17	66	66	2.0	1/2	1/2	4/4	5	3	1/2		1/2	1	1	3	69	A4	4	338
17	17	66	66	2.0	1/2	1/2	4/4	1	1	1/2		1/2	1		0	72	C5	5	326
17	17	66	66	2.0	1/2	1/2	4/4	5	1	1/2		1/2	1		0	72	C5	5	334
17	17	66	66	2.0	1/2	1/2	4/4	9	1	1/2		1/2	1		0	72	C5	5	342
18	18	68	68	2.0	0	0	4/4	4	1	1/2		1/2	1		9	51	D#3	3	353
18	18	68	68	2.0	0	0	4/4	6	1	1/2		1/2	1		9	51	D#3	3	362
18	18	68	68	2.0	0	0	4/4	10	1	1/2		1/2	1		9	51	D#3	3	367
18	18	68	68	2.0	0	0	4/4	3	1	1/2		1/2	1		6	66	F#4	4	351
18	18	68	68	2.0	0	0	4/4	5	2	1/2		1/2	1		6	66	F#4	4	358
18	18	68	68	2.0	0	0	4/4	2	1	1/2		1/2	1		3	69	A4	4	348
18	18	68	68	2.0	0	0	4/4	5	3	1/2		1/2	1	-1	3	69	A4	4	360
18	18	68	68	3.0	0	0	4/4	1	1	3/4		1/2	3/2		5	71	B4	4	345
18	18	68	68	3.0	0	0	4/4	5	1	3/4		1/2	3/2		5	71	B4	4	355
18	18	68	68	3.0	0	0	4/4	9	1	3/4		1/2	3/2		5	71	B4	4	364
18	18	70	70	2.0	1/2	1/2	4/4	4	1	1/2		1/2	1		2	50	D3	3	354
18	18	70	70	2.0	1/2	1/2	4/4	6	1	1/2		1/2	1		2	50	D3	3	363
18	18	70	70	2.0	1/2	1/2	4/4	10	1	1/2		1/2	1		2	50	D3	3	368
18	18	70	70	2.0	1/2	1/2	4/4	3	1	1/2		1/2	1		4	64	E4	4	352
18	18	70	70	2.0	1/2	1/2	4/4	5	2	1/2		1/2	1		4	64	E4	4	359
18	18	70	70	1.0	1/2	1/2	4/4	2	1	1/4		1/4	1		8	68	G#4	4	349
18	18	70	70	2.0	1/2	1/2	4/4	5	3	1/2		1/2	1		8	68	G#4	4	361
18	18	71	71	0.5	3/4	3/4	4/4	1	1	1/8		1/8	1		3	69	A4	4	346
18	18	71	71	0.5	3/4	3/4	4/4	5	1	1/8		1/8	1		3	69	A4	4	356
18	18	71	71	0.5	3/4	3/4	4/4	9	1	1/8		1/8	1		3	69	A4	4	365
18	18	71	71	1.0	3/4	3/4	4/4	2	1	1/4		1/4	1		5	71	B4	4	350
18	18	143/2	143/2	0.5	7/8	7/8	4/4	1	1	1/8		1/8	1		8	68	G#4	4	347
18	18	143/2	143/2	0.5	7/8	7/8	4/4	5	1	1/8		1/8	1		8	68	G#4	4	357
18	18	143/2	143/2	0.5	7/8	7/8	4/4	9	1	1/8		1/8	1		8	68	G#4	4	366
19	19	72	72	2.0	0	0	4/4	4	1	1/2		1/2	1		0	48	C3	3	377
19	19	72	72	2.0	0	0	4/4	6	1	1/2		1/2	1		0	48	C3	3	386
19	19	72	72	2.0	0	0	4/4	10	1	1/2		1/2	1		0	48	C3	3	391
19	19	72	72	1.0	0	0	4/4	2	1	1/4		1/4	1		4	64	E4	4	372
19	19	72	72	2.0	0	0	4/4	3	1	1/2		1/2	1		4	64	E4	4	375
19	19	72	72	2.0	0	0	4/4	5	2	1/2		1/2	1		4	64	E4	4	382
19	19	72	72	1.5	0	0	4/4	1	1	3/8		1/4	3/2		3	69	A4	4	369
19	19	72	72	1.5	0	0	4/4	5	1	3/8		1/4	3/2		3	69	A4	4	379
19	19	72	72	1.5	0	0	4/4	9	1	3/8		1/4	3/2		3	69	A4	4	388
19	19	72	72	2.0	0	0	4/4	5	3	1/2		1/2	1		3	69	A4	4	384
19	19	73	73	2.0	1/4	1/4	4/4	2	1	1/2		1/2	1		3	69	A4	4	373
19	19	147/2	147/2	0.5	3/8	3/8	4/4	1	1	1/8		1/8	1		5	71	B4	4	370
19	19	147/2	147/2	0.5	3/8	3/8	4/4	5	1	1/8		1/8	1		5	71	B4	4	380
19	19	147/2	147/2	0.5	3/8	3/8	4/4	9	1	1/8		1/8	1		5	71	B4	4	389
19	19	74	74	2.0	1/2	1/2	4/4	4	1	1/2		1/2	1		3	45	A2	2	378
19	19	74	74	2.0	1/2	1/2	4/4	6	1	1/2		1/2	1		3	45	A2	2	387
19	19	74	74	2.0	1/2	1/2	4/4	10	1	1/2		1/2	1		3	45	A2	2	392
19	19	74	74	2.0	1/2	1/2	4/4	3	1	1/2		1/2	1		4	64	E4	4	376
19	19	74	74	2.0	1/2	1/2	4/4	5	2	1/2		1/2	1		4	64	E4	4	383
19	19	74	74	2.0	1/2	1/2	4/4	5	3	1/2		1/2	1		3	69	A4	4	385
19	19	74	74	2.0	1/2	1/2	4/4	1	1	1/2		1/2	1		0	72	C5	5	371
19	19	74	74	2.0	1/2	1/2	4/4	5	1	1/2		1/2	1		0	72	C5	5	381
19	19	74	74	2.0	1/2	1/2	4/4	9	1	1/2		1/2	1		0	72	C5	5	390
19	19	75	75	1.0	3/4	3/4	4/4	2	1	1/4		1/4	1		3	69	A4	4	374
20	20	76	76	2.0	0	0	4/4	4	1	1/2		1/2	1		4	52	E3	3	399
20	20	76	76	4.0	0	0	4/4	6	1	1		1	1		4	52	E3	3	407
20	20	76	76	4.0	0	0	4/4	10	1	1		1	1		4	52	E3	3	410
20	20	76	76	2.0	0	0	4/4	3	1	1/2		1/2	1		4	64	E4	4	397
20	20	76	76	2.0	0	0	4/4	5	2	1/2		1/2	1		4	64	E4	4	403
20	20	76	76	2.0	0	0	4/4	2	1	1/2		1/2	1		3	69	A4	4	395
20	20	76	76	2.0	0	0	4/4	5	3	1/2		1/2	1		3	69	A4	4	405
20	20	76	76	2.0	0	0	4/4	1	1	1/2		1/2	1		0	72	C5	5	393
20	20	76	76	2.0	0	0	4/4	5	1	1/2		1/2	1		0	72	C5	5	401
20	20	76	76	2.0	0	0	4/4	9	1	1/2		1/2	1		0	72	C5	5	408
20	20	78	78	2.0	1/2	1/2	4/4	4	1	1/2		1/2	1		4	52	E3	3	400
20	20	78	78	2.0	1/2	1/2	4/4	3	1	1/2		1/2	1		4	64	E4	4	398
20	20	78	78	2.0	1/2	1/2	4/4	5	2	1/2		1/2	1		4	64	E4	4	404
20	20	78	78	2.0	1/2	1/2	4/4	2	1	1/2		1/2	1		8	68	G#4	4	396
20	20	78	78	2.0	1/2	1/2	4/4	5	3	1/2		1/2	1		8	68	G#4	4	406
20	20	78	78	2.0	1/2	1/2	4/4	1	1	1/2		1/2	1		5	71	B4	4	394
20	20	78	78	2.0	1/2	1/2	4/4	5	1	1/2		1/2	1		5	71	B4	4	402
20	20	78	78	2.0	1/2	1/2	4/4	9	1	1/2		1/2	1		5	71	B4	4	409
21	21	80	80	2.0	0	0	4/4	4	1	1/2		1/2	1		-1	53	F3	3	417
21	21	80	80	2.0	0	0	4/4	6	1	1/2		1/2	1		-1	53	F3	3	427
21	21	80	80	2.0	0	0	4/4	6	3	1/2		1/2	1		-1	53	F3	3	431
21	21	80	80	2.0	0	0	4/4	10	1	1/2		1/2	1		-1	53	F3	3	435
21	21	80	80	2.0	0	0	4/4	3	1	1/2		1/2	1		4	64	E4	4	415
21	21	80	80	2.0	0	0	4/4	5	2	1/2		1/2	1		4	64	E4	4	421
21	21	80	80	2.0	0	0	4/4	6	2	1/2		1/2	1		4	64	E4	4	429
21	21	80	80	2.0	0	0	4/4	1	1	1/2		1/2	1		3	69	A4	4	411
21	21	80	80	2.0	0	0	4/4	2	1	1/2		1/2	1		3	69	A4	4	413
21	21	80	80	2.0	0	0	4/4	5	1	1/2		1/2	1		3	69	A4	4	419
21	21	80	80	2.0	0	0	4/4	5	3	1/2		1/2	1		3	69	A4	4	423
21	21	80	80	2.0	0	0	4/4	5	4	1/2		1/2	1		3	69	A4	4	425
21	21	80	80	2.0	0	0	4/4	9	1	1/2		1/2	1		3	69	A4	4	433
21	21	82	82	2.0	1/2	1/2	4/4	4	1	1/2		1/2	1		5	47	B2	2	418
21	21	82	82	2.0	1/2	1/2	4/4	6	1	1/2		1/2	1		5	47	B2	2	428
21	21	82	82	2.0	1/2	1/2	4/4	10	1	1/2		1/2	1		5	47	B2	2	436
21	21	82	82	2.0	1/2	1/2	4/4	6	3	1/2		1/2	1		5	59	B3	3	432
21	21	82	82	2.0	1/2	1/2	4/4	3	1	1/2		1/2	1		2	62	D4	4	416
21	21	82	82	2.0	1/2	1/2	4/4	5	2	1/2		1/2	1		2	62	D4	4	422
21	21	82	82	2.0	1/2	1/2	4/4	6	2	1/2		1/2	1		2	62	D4	4	430
21	21	82	82	2.0	1/2	1/2	4/4	2	1	1/2		1/2	1		8	68	G#4	4	414
21	21	82	82	2.0	1/2	1/2	4/4	5	3	1/2		1/2	1		8	68	G#4	4	424
21	21	82	82	2.0	1/2	1/2	4/4	1	1	1/2		1/2	1		-1	77	F5	5	412
21	21	82	82	2.0	1/2	1/2	4/4	5	1	1/2		1/2	1		-1	77	F5	5	420
21	21	82	82	2.0	1/2	1/2	4/4	5	4	1/2		1/2	1		-1	77	F5	5	426
21	21	82	82	2.0	1/2	1/2	4/4	9	1	1/2		1/2	1		-1	77	F5	5	434
22	22	84	84	2.0	0	0	4/4	4	1	1/2		1/2	1		0	48	C3	3	443
22	22	84	84	2.0	0	0	4/4	6	1	1/2		1/2	1		0	48	C3	3	453
22	22	84	84	2.0	0	0	4/4	10	1	1/2		1/2	1		0	48	C3	3	461
22	22	84	84	2.0	0	0	4/4	3	1	1/2		1/2	1		0	60	C4	4	441
22	22	84	84	2.0	0	0	4/4	5	2	1/2		1/2	1		0	60	C4	4	447
22	22	84	84	2.0	0	0	4/4	6	3	1/2		1/2	1		0	60	C4	4	457
22	22	84	84	2.0	0	0	4/4	6	2	1/2		1/2	1		4	64	E4	4	455
22	22	84	84	2.0	0	0	4/4	2	1	1/2		1/2	1		3	69	A4	4	439
22	22	84	84	2.0	0	0	4/4	5	3	1/2		1/2	1		3	69	A4	4	449
22	22	84	84	2.0	0	0	4/4	1	1	1/2		1/2	1		4	76	E5	5	437
22	22	84	84	2.0	0	0	4/4	5	1	1/2		1/2	1		4	76	E5	5	445
22	22	84	84	2.0	0	0	4/4	5	4	1/2		1/2	1		4	76	E5	5	451
22	22	84	84	2.0	0	0	4/4	9	1	1/2		1/2	1		4	76	E5	5	459
22	22	86	86	2.0	1/2	1/2	4/4	4	1	1/2		1/2	1		2	50	D3	3	444
22	22	86	86	2.0	1/2	1/2	4/4	6	1	1/2		1/2	1		2	50	D3	3	454
22	22	86	86	2.0	1/2	1/2	4/4	6	3	1/2		1/2	1		2	50	D3	3	458
22	22	86	86	2.0	1/2	1/2	4/4	10	1	1/2		1/2	1		2	50	D3	3	462
22	22	86	86	2.0	1/2	1/2	4/4	3	1	1/2		1/2	1		5	59	B3	3	442
22	22	86	86	2.0	1/2	1/2	4/4	2	1	1/2		1/2	1		-1	65	F4	4	440
22	22	86	86	2.0	1/2	1/2	4/4	5	2	1/2		1/2	1		-1	65	F4	4	448
22	22	86	86	2.0	1/2	1/2	4/4	6	2	1/2		1/2	1		-1	65	F4	4	456
22	22	86	86	2.0	1/2	1/2	4/4	5	3	1/2		1/2	1		5	71	B4	4	450
22	22	86	86	2.0	1/2	1/2	4/4	1	1	1/2		1/2	1		2	74	D5	5	438
22	22	86	86	2.0	1/2	1/2	4/4	5	1	1/2		1/2	1		2	74	D5	5	446
22	22	86	86	2.0	1/2	1/2	4/4	5	4	1/2		1/2	1		2	74	D5	5	452
22	22	86	86	2.0	1/2	1/2	4/4	9	1	1/2		1/2	1		2	74	D5	5	460
23	23	88	88	2.0	0	0	4/4	4	1	1/2		1/2	1		4	52	E3	3	471
23	23	88	88	2.0	0	0	4/4	4	2	1/2		1/2	1		4	52	E3	3	473
23	23	88	88	2.0	0	0	4/4	6	1	1/2		1/2	1		4	52	E3	3	483
23	23	88	88	2.0	0	0	4/4	10	1	1/2		1/2	1		4	52	E3	3	489
23	23	88	88	2.0	0	0	4/4	3	1	1/2		1/2	1		3	57	A3	3	469
23	23	88	88	2.0	0	0	4/4	2	1	1/2		1/2	1		4	64	E4	4	467
23	23	88	88	2.0	0	0	4/4	5	2	1/2		1/2	1		4	64	E4	4	479
23	23	88	88	2.0	0	0	4/4	5	3	1/2		1/2	1		3	69	A4	4	481
23	23	88	88	2.0	0	0	4/4	1	1	1/2		1/2	1		0	72	C5	5	463
23	23	88	88	2.0	0	0	4/4	5	1	1/2		1/2	1		0	72	C5	5	475
23	23	88	88	2.0	0	0	4/4	9	1	1/2		1/2	1		0	72	C5	5	485
23	23	90	90	2.0	1/2	1/2	4/4	4	2	1/2		1/2	1		4	40	E2	2	474
23	23	90	90	2.0	1/2	1/2	4/4	6	1	1/2		1/2	1		4	40	E2	2	484
23	23	90	90	2.0	1/2	1/2	4/4	10	1	1/2		1/2	1		4	40	E2	2	490
23	23	90	90	2.0	1/2	1/2	4/4	4	1	1/2		1/2	1		4	52	E3	3	472
23	23	90	90	2.0	1/2	1/2	4/4	3	1	1/2		1/2	1		8	56	G#3	3	470
23	23	90	90	2.0	1/2	1/2	4/4	2	1	1/2		1/2	1		4	64	E4	4	468
23	23	90	90	2.0	1/2	1/2	4/4	5	2	1/2		1/2	1		4	64	E4	4	480
23	23	90	90	2.0	1/2	1/2	4/4	5	3	1/2		1/2	1		8	68	G#4	4	482
23	23	90	90	0.5	1/2	1/2	4/4	1	1	1/8		1/8	1		5	71	B4	4	464
23	23	90	90	0.5	1/2	1/2	4/4	5	1	1/8		1/8	1		5	71	B4	4	476
23	23	90	90	0.5	1/2	1/2	4/4	9	1	1/8		1/8	1		5	71	B4	4	486
23	23	181/2	181/2	0.5	5/8	5/8	4/4	1	1	1/8		1/8	1		3	69	A4	4	465
23	23	181/2	181/2	0.5	5/8	5/8	4/4	5	1	1/8		1/8	1		3	69	A4	4	477
23	23	181/2	181/2	0.5	5/8	5/8	4/4	9	1	1/8		1/8	1		3	69	A4	4	487
23	23	91	91	1.0	3/4	3/4	4/4	1	1	1/4		1/4	1		5	71	B4	4	466
23	23	91	91	1.0	3/4	3/4	4/4	5	1	1/4		1/4	1		5	71	B4	4	478
23	23	91	91	1.0	3/4	3/4	4/4	9	1	1/4		1/4	1		5	71	B4	4	488
24	24	92	92	4.0	0	0	4/4	4	1	1		1	1		3	45	A2	2	494
24	24	92	92	4.0	0	0	4/4	6	1	1		1	1		3	45	A2	2	498
24	24	92	92	4.0	0	0	4/4	10	1	1		1	1		3	45	A2	2	500
24	24	92	92	4.0	0	0	4/4	3	1	1		1	1		3	57	A3	3	493
24	24	92	92	4.0	0	0	4/4	2	1	1		1	1		0	60	C4	4	492
24	24	92	92	4.0	0	0	4/4	5	2	1		1	1		0	60	C4	4	496
24	24	92	92	4.0	0	0	4/4	5	3	1		1	1		4	64	E4	4	497
24	24	92	92	4.0	0	0	4/4	1	1	1		1	1		3	69	A4	4	491
24	24	92	92	4.0	0	0	4/4	5	1	1		1	1		3	69	A4	4	495
24	24	92	92	4.0	0	0	4/4	9	1	1		1	1		3	69	A4	4	499
