mc	mn	quarterbeats	quarterbeats_all_endings	duration_qb	mc_onset	mn_onset	timesig	staff	voice	duration	nominal_duration	scalar	tied	tpc	midi	name	octave	chord_id
1	1	0	0	2.0	0	1/2	4/4	4	1	1/2	1/2	1		3	45	A2	2	3
1	1	0	0	2.0	0	1/2	4/4	6	2	1/2	1/2	1		3	45	A2	2	7
1	1	0	0	2.0	0	1/2	4/4	8	1	1/2	1/2	1		3	45	A2	2	9
1	1	0	0	2.0	0	1/2	4/4	6	1	1/2	1/2	1		3	57	A3	3	6
1	1	0	0	2.0	0	1/2	4/4	2	1	1/2	1/2	1		0	60	C4	4	1
1	1	0	0	2.0	0	1/2	4/4	3	1	1/2	1/2	1		0	60	C4	4	2
1	1	0	0	2.0	0	1/2	4/4	5	2	1/2	1/2	1		0	60	C4	4	5
1	1	0	0	2.0	0	1/2	4/4	1	1	1/2	1/2	1		4	64	E4	4	0
1	1	0	0	2.0	0	1/2	4/4	5	1	1/2	1/2	1		4	64	E4	4	4
1	1	0	0	2.0	0	1/2	4/4	7	1	1/2	1/2	1		4	64	E4	4	8
2	2	2	2	2.0	0	0	4/4	4	1	1/2	1/2	1		0	48	C3	3	16
2	2	2	2	2.0	0	0	4/4	6	2	1/2	1/2	1		0	48	C3	3	25
2	2	2	2	2.0	0	0	4/4	8	1	1/2	1/2	1		0	48	C3	3	30
2	2	2	2	2.0	0	0	4/4	6	1	1/2	1/2	1		3	57	A3	3	23
2	2	2	2	2.0	0	0	4/4	3	1	1/2	1/2	1		0	60	C4	4	14
2	2	2	2	2.0	0	0	4/4	2	1	1/2	1/2	1		4	64	E4	4	12
2	2	2	2	2.0	0	0	4/4	5	2	1/2	1/2	1		4	64	E4	4	21
2	2	2	2	2.0	0	0	4/4	1	1	1/2	1/2	1		3	69	A4	4	10
2	2	2	2	2.0	0	0	4/4	5	1	1/2	1/2	1		3	69	A4	4	19
2	2	2	2	2.0	0	0	4/4	7	1	1/2	1/2	1		3	69	A4	4	28
2	2	4	4	1.0	1/2	1/2	4/4	4	1	1/4	1/4	1		4	52	E3	3	17
2	2	4	4	1.0	1/2	1/2	4/4	6	2	1/4	1/4	1		4	52	E3	3	26
2	2	4	4	1.0	1/2	1/2	4/4	8	1	1/4	1/4	1		4	52	E3	3	31
2	2	4	4	2.0	1/2	1/2	4/4	3	1	1/2	1/2	1		5	59	B3	3	15
2	2	4	4	2.0	1/2	1/2	4/4	6	1	1/2	1/2	1		5	59	B3	3	24
2	2	4	4	2.0	1/2	1/2	4/4	2	1	1/2	1/2	1		4	64	E4	4	13
2	2	4	4	2.0	1/2	1/2	4/4	5	2	1/2	1/2	1		4	64	E4	4	22
2	2	4	4	2.0	1/2	1/2	4/4	1	1	1/2	1/2	1		8	68	G#4	4	11
2	2	4	4	2.0	1/2	1/2	4/4	5	1	1/2	1/2	1		8	68	G#4	4	20
2	2	4	4	2.0	1/2	1/2	4/4	7	1	1/2	1/2	1		8	68	G#4	4	29
2	2	5	5	1.0	3/4	3/4	4/4	4	1	1/4	1/4	1		2	50	D3	3	18
2	2	5	5	1.0	3/4	3/4	4/4	6	2	1/4	1/4	1		2	50	D3	3	27
2	2	5	5	1.0	3/4	3/4	4/4	8	1	1/4	1/4	1		2	50	D3	3	32
3	3	6	6	2.0	0	0	4/4	4	1	1/2	1/2	1		0	48	C3	3	39
3	3	6	6	2.0	0	0	4/4	6	2	1/2	1/2	1		0	48	C3	3	47
3	3	6	6	2.0	0	0	4/4	8	1	1/2	1/2	1		0	48	C3	3	51
3	3	6	6	2.0	0	0	4/4	3	1	1/2	1/2	1		0	60	C4	4	37
3	3	6	6	2.0	0	0	4/4	6	1	1/2	1/2	1		0	60	C4	4	45
3	3	6	6	2.0	0	0	4/4	2	1	1/2	1/2	1		4	64	E4	4	35
3	3	6	6	2.0	0	0	4/4	5	2	1/2	1/2	1		4	64	E4	4	43
3	3	6	6	2.0	0	0	4/4	1	1	1/2	1/2	1		3	69	A4	4	33
3	3	6	6	2.0	0	0	4/4	5	1	1/2	1/2	1		3	69	A4	4	41
3	3	6	6	2.0	0	0	4/4	7	1	1/2	1/2	1		3	69	A4	4	49
3	3	8	8	2.0	1/2	1/2	4/4	4	1	1/2	1/2	1		3	45	A2	2	40
3	3	8	8	2.0	1/2	1/2	4/4	6	2	1/2	1/2	1		3	45	A2	2	48
3	3	8	8	2.0	1/2	1/2	4/4	8	1	1/2	1/2	1		3	45	A2	2	52
3	3	8	8	2.0	1/2	1/2	4/4	3	1	1/2	1/2	1		4	64	E4	4	38
3	3	8	8	2.0	1/2	1/2	4/4	6	1	1/2	1/2	1		4	64	E4	4	46
3	3	8	8	2.0	1/2	1/2	4/4	2	1	1/2	1/2	1		3	69	A4	4	36
3	3	8	8	2.0	1/2	1/2	4/4	5	2	1/2	1/2	1		3	69	A4	4	44
3	3	8	8	2.0	1/2	1/2	4/4	1	1	1/2	1/2	1		0	72	C5	5	34
3	3	8	8	2.0	1/2	1/2	4/4	5	1	1/2	1/2	1		0	72	C5	5	42
3	3	8	8	2.0	1/2	1/2	4/4	7	1	1/2	1/2	1		0	72	C5	5	50
4	4	10	10	2.0	0	0	4/4	4	1	1/2	1/2	1		2	50	D3	3	59
4	4	10	10	2.0	0	0	4/4	6	2	1/2	1/2	1		2	50	D3	3	67
4	4	10	10	2.0	0	0	4/4	8	1	1/2	1/2	1		2	50	D3	3	71
4	4	10	10	2.0	0	0	4/4	3	1	1/2	1/2	1		2	62	D4	4	57
4	4	10	10	2.0	0	0	4/4	6	1	1/2	1/2	1		2	62	D4	4	65
4	4	10	10	2.0	0	0	4/4	2	1	1/2	1/2	1		-1	65	F4	4	55
4	4	10	10	2.0	0	0	4/4	5	2	1/2	1/2	1		-1	65	F4	4	63
4	4	10	10	2.0	0	0	4/4	1	1	1/2	1/2	1		5	71	B4	4	53
4	4	10	10	2.0	0	0	4/4	5	1	1/2	1/2	1		5	71	B4	4	61
4	4	10	10	2.0	0	0	4/4	7	1	1/2	1/2	1		5	71	B4	4	69
4	4	12	12	2.0	1/2	1/2	4/4	4	1	1/2	1/2	1		9	51	D#3	3	60
4	4	12	12	2.0	1/2	1/2	4/4	6	2	1/2	1/2	1		9	51	D#3	3	68
4	4	12	12	2.0	1/2	1/2	4/4	8	1	1/2	1/2	1		9	51	D#3	3	72
4	4	12	12	2.0	1/2	1/2	4/4	3	1	1/2	1/2	1		0	60	C4	4	58
4	4	12	12	2.0	1/2	1/2	4/4	6	1	1/2	1/2	1		0	60	C4	4	66
4	4	12	12	2.0	1/2	1/2	4/4	2	1	1/2	1/2	1		6	66	F#4	4	56
4	4	12	12	2.0	1/2	1/2	4/4	5	2	1/2	1/2	1		6	66	F#4	4	64
4	4	12	12	2.0	1/2	1/2	4/4	1	1	1/2	1/2	1		3	69	A4	4	54
4	4	12	12	2.0	1/2	1/2	4/4	5	1	1/2	1/2	1		3	69	A4	4	62
4	4	12	12	2.0	1/2	1/2	4/4	7	1	1/2	1/2	1		3	69	A4	4	70
5	5	14	14	2.0	0	0	4/4	4	1	1/2	1/2	1		4	52	E3	3	79
5	5	14	14	2.0	0	0	4/4	6	2	1/2	1/2	1		4	52	E3	3	87
5	5	14	14	2.0	0	0	4/4	8	1	1/2	1/2	1		4	52	E3	3	91
5	5	14	14	2.0	0	0	4/4	3	1	1/2	1/2	1		5	59	B3	3	77
5	5	14	14	2.0	0	0	4/4	6	1	1/2	1/2	1		5	59	B3	3	85
5	5	14	14	2.0	0	0	4/4	2	1	1/2	1/2	1		4	64	E4	4	75
5	5	14	14	2.0	0	0	4/4	5	2	1/2	1/2	1		4	64	E4	4	83
5	5	14	14	2.0	0	0	4/4	1	1	1/2	1/2	1		8	68	G#4	4	73
5	5	14	14	2.0	0	0	4/4	5	1	1/2	1/2	1		8	68	G#4	4	81
5	5	14	14	2.0	0	0	4/4	7	1	1/2	1/2	1		8	68	G#4	4	89
5	5	16	16	2.0	1/2	1/2	4/4	4	1	1/2	1/2	1		4	52	E3	3	80
5	5	16	16	2.0	1/2	1/2	4/4	6	2	1/2	1/2	1		4	52	E3	3	88
5	5	16	16	2.0	1/2	1/2	4/4	8	1	1/2	1/2	1		4	52	E3	3	92
5	5	16	16	2.0	1/2	1/2	4/4	3	1	1/2	1/2	1		8	56	G#3	3	78
5	5	16	16	2.0	1/2	1/2	4/4	2	1	1/2	1/2	1		4	64	E4	4	76
5	5	16	16	2.0	1/2	1/2	4/4	6	1	1/2	1/2	1		4	64	E4	4	86
5	5	16	16	2.0	1/2	1/2	4/4	5	2	1/2	1/2	1		8	68	G#4	4	84
5	5	16	16	2.0	1/2	1/2	4/4	1	1	1/2	1/2	1		5	71	B4	4	74
5	5	16	16	2.0	1/2	1/2	4/4	5	1	1/2	1/2	1		5	71	B4	4	82
5	5	16	16	2.0	1/2	1/2	4/4	7	1	1/2	1/2	1		5	71	B4	4	90
6	6	18	18	2.0	0	0	4/4	3	1	1/2	1/2	1		3	57	A3	3	97
6	6	18	18	2.0	0	0	4/4	4	1	1/2	1/2	1		3	57	A3	3	99
6	6	18	18	2.0	0	0	4/4	6	2	1/2	1/2	1		3	57	A3	3	107
6	6	18	18	2.0	0	0	4/4	8	1	1/2	1/2	1		3	57	A3	3	111
6	6	18	18	2.0	0	0	4/4	2	1	1/2	1/2	1		4	64	E4	4	95
6	6	18	18	2.0	0	0	4/4	6	1	1/2	1/2	1		4	64	E4	4	105
6	6	18	18	2.0	0	0	4/4	5	2	1/2	1/2	1		3	69	A4	4	103
6	6	18	18	2.0	0	0	4/4	1	1	1/2	1/2	1		0	72	C5	5	93
6	6	18	18	2.0	0	0	4/4	5	1	1/2	1/2	1		0	72	C5	5	101
6	6	18	18	2.0	0	0	4/4	7	1	1/2	1/2	1		0	72	C5	5	109
6	6	20	20	2.0	1/2	1/2	4/4	4	1	1/2	1/2	1		1	55	G3	3	100
6	6	20	20	2.0	1/2	1/2	4/4	6	2	1/2	1/2	1		1	55	G3	3	108
6	6	20	20	2.0	1/2	1/2	4/4	8	1	1/2	1/2	1		1	55	G3	3	112
6	6	20	20	2.0	1/2	1/2	4/4	3	1	1/2	1/2	1		5	59	B3	3	98
6	6	20	20	2.0	1/2	1/2	4/4	2	1	1/2	1/2	1		1	67	G4	4	96
6	6	20	20	2.0	1/2	1/2	4/4	6	1	1/2	1/2	1		1	67	G4	4	106
6	6	20	20	2.0	1/2	1/2	4/4	5	2	1/2	1/2	1		5	71	B4	4	104
6	6	20	20	2.0	1/2	1/2	4/4	1	1	1/2	1/2	1		2	74	D5	5	94
6	6	20	20	2.0	1/2	1/2	4/4	5	1	1/2	1/2	1		2	74	D5	5	102
6	6	20	20	2.0	1/2	1/2	4/4	7	1	1/2	1/2	1		2	74	D5	5	110
7	7	22	22	2.0	0	0	4/4	4	1	1/2	1/2	1		0	48	C3	3	119
7	7	22	22	2.0	0	0	4/4	6	2	1/2	1/2	1		0	48	C3	3	127
7	7	22	22	2.0	0	0	4/4	8	1	1/2	1/2	1		0	48	C3	3	131
7	7	22	22	2.0	0	0	4/4	3	1	1/2	1/2	1		0	60	C4	4	117
7	7	22	22	2.0	0	0	4/4	2	1	1/2	1/2	1		1	67	G4	4	115
7	7	22	22	2.0	0	0	4/4	6	1	1/2	1/2	1		1	67	G4	4	125
7	7	22	22	2.0	0	0	4/4	5	2	1/2	1/2	1		0	72	C5	5	123
7	7	22	22	2.0	0	0	4/4	1	1	1/2	1/2	1		4	76	E5	5	113
7	7	22	22	2.0	0	0	4/4	5	1	1/2	1/2	1		4	76	E5	5	121
7	7	22	22	2.0	0	0	4/4	7	1	1/2	1/2	1		4	76	E5	5	129
7	7	24	24	2.0	1/2	1/2	4/4	4	1	1/2	1/2	1		2	50	D3	3	120
7	7	24	24	2.0	1/2	1/2	4/4	6	2	1/2	1/2	1		2	50	D3	3	128
7	7	24	24	2.0	1/2	1/2	4/4	8	1	1/2	1/2	1		2	50	D3	3	132
7	7	24	24	2.0	1/2	1/2	4/4	3	1	1/2	1/2	1		5	59	B3	3	118
7	7	24	24	2.0	1/2	1/2	4/4	2	1	1/2	1/2	1		-1	65	F4	4	116
7	7	24	24	2.0	1/2	1/2	4/4	6	1	1/2	1/2	1		-1	65	F4	4	126
7	7	24	24	2.0	1/2	1/2	4/4	5	2	1/2	1/2	1		5	71	B4	4	124
7	7	24	24	2.0	1/2	1/2	4/4	1	1	1/2	1/2	1		2	74	D5	5	114
7	7	24	24	2.0	1/2	1/2	4/4	5	1	1/2	1/2	1		2	74	D5	5	122
7	7	24	24	2.0	1/2	1/2	4/4	7	1	1/2	1/2	1		2	74	D5	5	130
8	8	26	26	1.0	0	0	4/4	4	1	1/4	1/4	1		4	52	E3	3	139
8	8	26	26	1.0	0	0	4/4	6	2	1/4	1/4	1		4	52	E3	3	148
8	8	26	26	1.0	0	0	4/4	8	1	1/4	1/4	1		4	52	E3	3	153
8	8	26	26	2.0	0	0	4/4	3	1	1/2	1/2	1		1	55	G3	3	137
8	8	26	26	2.0	0	0	4/4	2	1	1/2	1/2	1		4	64	E4	4	135
8	8	26	26	2.0	0	0	4/4	6	1	1/2	1/2	1		4	64	E4	4	146
8	8	26	26	2.0	0	0	4/4	5	2	1/2	1/2	1		1	67	G4	4	144
8	8	26	26	2.0	0	0	4/4	1	1	1/2	1/2	1		0	72	C5	5	133
8	8	26	26	2.0	0	0	4/4	5	1	1/2	1/2	1		0	72	C5	5	142
8	8	26	26	2.0	0	0	4/4	7	1	1/2	1/2	1		0	72	C5	5	151
8	8	27	27	1.0	1/4	1/4	4/4	4	1	1/4	1/4	1		-1	53	F3	3	140
8	8	27	27	1.0	1/4	1/4	4/4	6	2	1/4	1/4	1		-1	53	F3	3	149
8	8	27	27	1.0	1/4	1/4	4/4	8	1	1/4	1/4	1		-1	53	F3	3	154
8	8	28	28	2.0	1/2	1/2	4/4	3	1	1/2	1/2	1		1	55	G3	3	138
8	8	28	28	2.0	1/2	1/2	4/4	4	1	1/2	1/2	1		1	55	G3	3	141
8	8	28	28	2.0	1/2	1/2	4/4	6	2	1/2	1/2	1		1	55	G3	3	150
8	8	28	28	2.0	1/2	1/2	4/4	8	1	1/2	1/2	1		1	55	G3	3	155
8	8	28	28	2.0	1/2	1/2	4/4	2	1	1/2	1/2	1		2	62	D4	4	136
8	8	28	28	2.0	1/2	1/2	4/4	6	1	1/2	1/2	1		2	62	D4	4	147
8	8	28	28	2.0	1/2	1/2	4/4	5	2	1/2	1/2	1		1	67	G4	4	145
8	8	28	28	2.0	1/2	1/2	4/4	1	1	1/2	1/2	1		5	71	B4	4	134
8	8	28	28	2.0	1/2	1/2	4/4	5	1	1/2	1/2	1		5	71	B4	4	143
8	8	28	28	2.0	1/2	1/2	4/4	7	1	1/2	1/2	1		5	71	B4	4	152
9	9	30	30	2.0	0	0	4/4	4	1	1/2	1/2	1		0	48	C3	3	162
9	9	30	30	2.0	0	0	4/4	6	2	1/2	1/2	1		0	48	C3	3	170
9	9	30	30	2.0	0	0	4/4	8	1	1/2	1/2	1		0	48	C3	3	174
9	9	30	30	2.0	0	0	4/4	3	1	1/2	1/2	1		1	55	G3	3	160
9	9	30	30	2.0	0	0	4/4	2	1	1/2	1/2	1		4	64	E4	4	158
9	9	30	30	2.0	0	0	4/4	6	1	1/2	1/2	1		4	64	E4	4	168
9	9	30	30	2.0	0	0	4/4	5	2	1/2	1/2	1		1	67	G4	4	166
9	9	30	30	2.0	0	0	4/4	1	1	1/2	1/2	1		0	72	C5	5	156
9	9	30	30	2.0	0	0	4/4	5	1	1/2	1/2	1		0	72	C5	5	164
9	9	30	30	2.0	0	0	4/4	7	1	1/2	1/2	1		0	72	C5	5	172
9	9	32	32	2.0	1/2	1/2	4/4	4	1	1/2	1/2	1		3	45	A2	2	163
9	9	32	32	2.0	1/2	1/2	4/4	6	2	1/2	1/2	1		3	45	A2	2	171
9	9	32	32	2.0	1/2	1/2	4/4	8	1	1/2	1/2	1		3	45	A2	2	175
9	9	32	32	2.0	1/2	1/2	4/4	3	1	1/2	1/2	1		4	64	E4	4	161
9	9	32	32	2.0	1/2	1/2	4/4	6	1	1/2	1/2	1		4	64	E4	4	169
9	9	32	32	2.0	1/2	1/2	4/4	2	1	1/2	1/2	1	1	3	69	A4	4	159
9	9	32	32	2.0	1/2	1/2	4/4	5	2	1/2	1/2	1	1	3	69	A4	4	167
9	9	32	32	2.0	1/2	1/2	4/4	1	1	1/2	1/2	1		0	72	C5	5	157
9	9	32	32	2.0	1/2	1/2	4/4	5	1	1/2	1/2	1		0	72	C5	5	165
9	9	32	32	2.0	1/2	1/2	4/4	7	1	1/2	1/2	1		0	72	C5	5	173
10	10	34	34	2.0	0	0	4/4	4	1	1/2	1/2	1		5	47	B2	2	184
10	10	34	34	2.0	0	0	4/4	6	2	1/2	1/2	1		5	47	B2	2	195
10	10	34	34	2.0	0	0	4/4	8	1	1/2	1/2	1		5	47	B2	2	200
10	10	34	34	1.0	0	0	4/4	3	1	1/4	1/4	1		9	63	D#4	4	181
10	10	34	34	1.0	0	0	4/4	6	1	1/4	1/4	1		9	63	D#4	4	192
10	10	34	34	1.0	0	0	4/4	2	1	1/4	1/4	1	-1	3	69	A4	4	178
10	10	34	34	1.0	0	0	4/4	5	2	1/4	1/4	1	-1	3	69	A4	4	189
10	10	34	34	2.0	0	0	4/4	1	1	1/2	1/2	1		5	71	B4	4	176
10	10	34	34	2.0	0	0	4/4	5	1	1/2	1/2	1		5	71	B4	4	187
10	10	34	34	2.0	0	0	4/4	7	1	1/2	1/2	1		5	71	B4	4	198
10	10	35	35	2.0	1/4	1/4	4/4	3	1	1/2	1/2	1		4	64	E4	4	182
10	10	35	35	2.0	1/4	1/4	4/4	6	1	1/2	1/2	1		4	64	E4	4	193
10	10	35	35	2.0	1/4	1/4	4/4	2	1	1/2	1/2	1		1	67	G4	4	179
10	10	35	35	2.0	1/4	1/4	4/4	5	2	1/2	1/2	1		1	67	G4	4	190
10	10	36	36	1.0	1/2	1/2	4/4	4	1	1/4	1/4	1		7	49	C#3	3	185
10	10	36	36	1.0	1/2	1/2	4/4	6	2	1/4	1/4	1		7	49	C#3	3	196
10	10	36	36	1.0	1/2	1/2	4/4	8	1	1/4	1/4	1		7	49	C#3	3	201
10	10	36	36	2.0	1/2	1/2	4/4	1	1	1/2	1/2	1		3	69	A4	4	177
10	10	36	36	2.0	1/2	1/2	4/4	5	1	1/2	1/2	1		3	69	A4	4	188
10	10	36	36	2.0	1/2	1/2	4/4	7	1	1/2	1/2	1		3	69	A4	4	199
10	10	37	37	1.0	3/4	3/4	4/4	4	1	1/4	1/4	1		9	51	D#3	3	186
10	10	37	37	1.0	3/4	3/4	4/4	6	2	1/4	1/4	1		9	51	D#3	3	197
10	10	37	37	1.0	3/4	3/4	4/4	8	1	1/4	1/4	1		9	51	D#3	3	202
10	10	37	37	1.0	3/4	3/4	4/4	3	1	1/4	1/4	1		5	59	B3	3	183
10	10	37	37	1.0	3/4	3/4	4/4	6	1	1/4	1/4	1		5	59	B3	3	194
10	10	37	37	1.0	3/4	3/4	4/4	2	1	1/4	1/4	1		6	66	F#4	4	180
10	10	37	37	1.0	3/4	3/4	4/4	5	2	1/4	1/4	1		6	66	F#4	4	191
11	11	38	38	2.0	0	0	4/4	4	1	1/2	1/2	1		4	52	E3	3	209
11	11	38	38	2.0	0	0	4/4	6	2	1/2	1/2	1		4	52	E3	3	217
11	11	38	38	2.0	0	0	4/4	8	1	1/2	1/2	1		4	52	E3	3	221
11	11	38	38	2.0	0	0	4/4	3	1	1/2	1/2	1		5	59	B3	3	207
11	11	38	38	2.0	0	0	4/4	6	1	1/2	1/2	1		5	59	B3	3	215
11	11	38	38	2.0	0	0	4/4	2	1	1/2	1/2	1		4	64	E4	4	205
11	11	38	38	2.0	0	0	4/4	5	2	1/2	1/2	1		4	64	E4	4	213
11	11	38	38	2.0	0	0	4/4	1	1	1/2	1/2	1		1	67	G4	4	203
11	11	38	38	2.0	0	0	4/4	5	1	1/2	1/2	1		1	67	G4	4	211
11	11	38	38	2.0	0	0	4/4	7	1	1/2	1/2	1		1	67	G4	4	219
11	11	40	40	2.0	1/2	1/2	4/4	4	1	1/2	1/2	1		0	48	C3	3	210
11	11	40	40	2.0	1/2	1/2	4/4	6	2	1/2	1/2	1		0	48	C3	3	218
11	11	40	40	2.0	1/2	1/2	4/4	8	1	1/2	1/2	1		0	48	C3	3	222
11	11	40	40	2.0	1/2	1/2	4/4	3	1	1/2	1/2	1		3	57	A3	3	208
11	11	40	40	2.0	1/2	1/2	4/4	6	1	1/2	1/2	1		3	57	A3	3	216
11	11	40	40	2.0	1/2	1/2	4/4	1	1	1/2	1/2	1		4	64	E4	4	204
11	11	40	40	2.0	1/2	1/2	4/4	2	1	1/2	1/2	1	1	4	64	E4	4	206
11	11	40	40	2.0	1/2	1/2	4/4	5	1	1/2	1/2	1		4	64	E4	4	212
11	11	40	40	2.0	1/2	1/2	4/4	5	2	1/2	1/2	1	1	4	64	E4	4	214
11	11	40	40	2.0	1/2	1/2	4/4	7	1	1/2	1/2	1		4	64	E4	4	220
12	12	42	42	2.0	0	0	4/4	4	1	1/2	1/2	1		5	47	B2	2	229
12	12	42	42	4.0	0	0	4/4	6	2	1	1	1		5	47	B2	2	237
12	12	42	42	4.0	0	0	4/4	8	1	1	1	1		5	47	B2	2	240
12	12	42	42	2.0	0	0	4/4	3	1	1/2	1/2	1		5	59	B3	3	227
12	12	42	42	2.0	0	0	4/4	6	1	1/2	1/2	1		5	59	B3	3	235
12	12	42	42	2.0	0	0	4/4	2	1	1/2	1/2	1	-1	4	64	E4	4	225
12	12	42	42	2.0	0	0	4/4	5	2	1/2	1/2	1	-1	4	64	E4	4	233
12	12	42	42	2.0	0	0	4/4	1	1	1/2	1/2	1		1	67	G4	4	223
12	12	42	42	2.0	0	0	4/4	5	1	1/2	1/2	1		1	67	G4	4	231
12	12	42	42	2.0	0	0	4/4	7	1	1/2	1/2	1		1	67	G4	4	238
12	12	44	44	2.0	1/2	1/2	4/4	4	1	1/2	1/2	1		5	47	B2	2	230
12	12	44	44	2.0	1/2	1/2	4/4	3	1	1/2	1/2	1		3	57	A3	3	228
12	12	44	44	2.0	1/2	1/2	4/4	6	1	1/2	1/2	1		3	57	A3	3	236
12	12	44	44	2.0	1/2	1/2	4/4	2	1	1/2	1/2	1		9	63	D#4	4	226
12	12	44	44	2.0	1/2	1/2	4/4	5	2	1/2	1/2	1		9	63	D#4	4	234
12	12	44	44	2.0	1/2	1/2	4/4	1	1	1/2	1/2	1		6	66	F#4	4	224
12	12	44	44	2.0	1/2	1/2	4/4	5	1	1/2	1/2	1		6	66	F#4	4	232
12	12	44	44	2.0	1/2	1/2	4/4	7	1	1/2	1/2	1		6	66	F#4	4	239
13	13	46	46	2.0	0	0	4/4	4	1	1/2	1/2	1		4	52	E3	3	247
13	13	46	46	2.0	0	0	4/4	6	2	1/2	1/2	1		4	52	E3	3	255
13	13	46	46	2.0	0	0	4/4	8	1	1/2	1/2	1		4	52	E3	3	259
13	13	46	46	2.0	0	0	4/4	3	1	1/2	1/2	1		1	55	G3	3	245
13	13	46	46	2.0	0	0	4/4	6	1	1/2	1/2	1		1	55	G3	3	253
13	13	46	46	2.0	0	0	4/4	1	1	1/2	1/2	1		4	64	E4	4	241
13	13	46	46	2.0	0	0	4/4	2	1	1/2	1/2	1		4	64	E4	4	243
13	13	46	46	2.0	0	0	4/4	5	1	1/2	1/2	1		4	64	E4	4	249
13	13	46	46	2.0	0	0	4/4	5	2	1/2	1/2	1		4	64	E4	4	251
13	13	46	46	2.0	0	0	4/4	7	1	1/2	1/2	1		4	64	E4	4	257
13	13	48	48	2.0	1/2	1/2	4/4	3	1	1/2	1/2	1		3	57	A3	3	246
13	13	48	48	2.0	1/2	1/2	4/4	4	1	1/2	1/2	1		3	57	A3	3	248
13	13	48	48	2.0	1/2	1/2	4/4	6	1	1/2	1/2	1		3	57	A3	3	254
13	13	48	48	2.0	1/2	1/2	4/4	6	2	1/2	1/2	1		3	57	A3	3	256
13	13	48	48	2.0	1/2	1/2	4/4	8	1	1/2	1/2	1		3	57	A3	3	260
13	13	48	48	2.0	1/2	1/2	4/4	2	1	1/2	1/2	1		4	64	E4	4	244
13	13	48	48	2.0	1/2	1/2	4/4	5	2	1/2	1/2	1		4	64	E4	4	252
13	13	48	48	2.0	1/2	1/2	4/4	1	1	1/2	1/2	1		0	72	C5	5	242
13	13	48	48	2.0	1/2	1/2	4/4	5	1	1/2	1/2	1		0	72	C5	5	250
13	13	48	48	2.0	1/2	1/2	4/4	7	1	1/2	1/2	1		0	72	C5	5	258
14	14	50	50	2.0	0	0	4/4	4	1	1/2	1/2	1		8	56	G#3	3	267
14	14	50	50	2.0	0	0	4/4	6	2	1/2	1/2	1		8	56	G#3	3	274
14	14	50	50	2.0	0	0	4/4	8	1	1/2	1/2	1		8	56	G#3	3	278
14	14	50	50	2.0	0	0	4/4	3	1	1/2	1/2	1		5	59	B3	3	265
14	14	50	50	2.0	0	0	4/4	6	1	1/2	1/2	1		5	59	B3	3	272
14	14	50	50	2.0	0	0	4/4	2	1	1/2	1/2	1		4	64	E4	4	263
14	14	50	50	4.0	0	0	4/4	5	2	1	1	1		4	64	E4	4	271
14	14	50	50	2.0	0	0	4/4	1	1	1/2	1/2	1		4	76	E5	5	261
14	14	50	50	2.0	0	0	4/4	5	1	1/2	1/2	1		4	76	E5	5	269
14	14	50	50	2.0	0	0	4/4	7	1	1/2	1/2	1		4	76	E5	5	276
14	14	52	52	2.0	1/2	1/2	4/4	4	1	1/2	1/2	1		4	52	E3	3	268
14	14	52	52	2.0	1/2	1/2	4/4	6	2	1/2	1/2	1		4	52	E3	3	275
14	14	52	52	2.0	1/2	1/2	4/4	8	1	1/2	1/2	1		4	52	E3	3	279
14	14	52	52	2.0	1/2	1/2	4/4	3	1	1/2	1/2	1		8	56	G#3	3	266
14	14	52	52	2.0	1/2	1/2	4/4	6	1	1/2	1/2	1		8	56	G#3	3	273
14	14	52	52	2.0	1/2	1/2	4/4	2	1	1/2	1/2	1		4	64	E4	4	264
14	14	52	52	2.0	1/2	1/2	4/4	1	1	1/2	1/2	1		2	74	D5	5	262
14	14	52	52	2.0	1/2	1/2	4/4	5	1	1/2	1/2	1		2	74	D5	5	270
14	14	52	52	2.0	1/2	1/2	4/4	7	1	1/2	1/2	1		2	74	D5	5	277
15	15	54	54	2.0	0	0	4/4	4	1	1/2	1/2	1		-1	53	F3	3	286
15	15	54	54	2.0	0	0	4/4	6	2	1/2	1/2	1		-1	53	F3	3	294
15	15	54	54	2.0	0	0	4/4	8	1	1/2	1/2	1		-1	53	F3	3	298
15	15	54	54	2.0	0	0	4/4	3	1	1/2	1/2	1		3	57	A3	3	284
15	15	54	54	2.0	0	0	4/4	6	1	1/2	1/2	1		3	57	A3	3	292
15	15	54	54	2.0	0	0	4/4	2	1	1/2	1/2	1		0	60	C4	4	282
15	15	54	54	2.0	0	0	4/4	5	2	1/2	1/2	1		0	60	C4	4	290
15	15	54	54	2.0	0	0	4/4	1	1	1/2	1/2	1		0	72	C5	5	280
15	15	54	54	2.0	0	0	4/4	5	1	1/2	1/2	1		0	72	C5	5	288
15	15	54	54	2.0	0	0	4/4	7	1	1/2	1/2	1		0	72	C5	5	296
15	15	56	56	2.0	1/2	1/2	4/4	4	1	1/2	1/2	1		2	50	D3	3	287
15	15	56	56	2.0	1/2	1/2	4/4	6	2	1/2	1/2	1		2	50	D3	3	295
15	15	56	56	2.0	1/2	1/2	4/4	8	1	1/2	1/2	1		2	50	D3	3	299
15	15	56	56	2.0	1/2	1/2	4/4	3	1	1/2	1/2	1		2	62	D4	4	285
15	15	56	56	2.0	1/2	1/2	4/4	6	1	1/2	1/2	1		2	62	D4	4	293
15	15	56	56	2.0	1/2	1/2	4/4	2	1	1/2	1/2	1		-1	65	F4	4	283
15	15	56	56	2.0	1/2	1/2	4/4	5	2	1/2	1/2	1		-1	65	F4	4	291
15	15	56	56	2.0	1/2	1/2	4/4	1	1	1/2	1/2	1		5	71	B4	4	281
15	15	56	56	2.0	1/2	1/2	4/4	5	1	1/2	1/2	1		5	71	B4	4	289
15	15	56	56	2.0	1/2	1/2	4/4	7	1	1/2	1/2	1		5	71	B4	4	297
16	16	58	58	2.0	0	0	4/4	4	1	1/2	1/2	1		4	52	E3	3	306
16	16	58	58	2.0	0	0	4/4	4	2	1/2	1/2	1		4	52	E3	3	308
16	16	58	58	2.0	0	0	4/4	8	1	1/2	1/2	1		4	52	E3	3	318
16	16	58	58	4.0	0	0	4/4	6	2	1	1	1		4	52	E3	3	315
16	16	58	58	2.0	0	0	4/4	3	1	1/2	1/2	1		0	60	C4	4	304
16	16	58	58	2.0	0	0	4/4	6	1	1/2	1/2	1		0	60	C4	4	313
16	16	58	58	2.0	0	0	4/4	2	1	1/2	1/2	1		4	64	E4	4	302
16	16	58	58	4.0	0	0	4/4	5	2	1	1	1		4	64	E4	4	312
16	16	58	58	2.0	0	0	4/4	1	1	1/2	1/2	1		3	69	A4	4	300
16	16	58	58	2.0	0	0	4/4	5	1	1/2	1/2	1		3	69	A4	4	310
16	16	58	58	2.0	0	0	4/4	7	1	1/2	1/2	1		3	69	A4	4	316
16	16	60	60	2.0	1/2	1/2	4/4	4	2	1/2	1/2	1		4	40	E2	2	309
16	16	60	60	2.0	1/2	1/2	4/4	8	1	1/2	1/2	1		4	40	E2	2	319
16	16	60	60	2.0	1/2	1/2	4/4	4	1	1/2	1/2	1		4	52	E3	3	307
16	16	60	60	2.0	1/2	1/2	4/4	3	1	1/2	1/2	1		5	59	B3	3	305
16	16	60	60	2.0	1/2	1/2	4/4	6	1	1/2	1/2	1		5	59	B3	3	314
16	16	60	60	2.0	1/2	1/2	4/4	2	1	1/2	1/2	1		4	64	E4	4	303
16	16	60	60	2.0	1/2	1/2	4/4	1	1	1/2	1/2	1		8	68	G#4	4	301
16	16	60	60	2.0	1/2	1/2	4/4	5	1	1/2	1/2	1		8	68	G#4	4	311
16	16	60	60	2.0	1/2	1/2	4/4	7	1	1/2	1/2	1		8	68	G#4	4	317
17	17	62	62	2.0	0	0	4/4	6	2	1/2	1/2	1		3	45	A2	2	327
17	17	62	62	2.0	0	0	4/4	8	1	1/2	1/2	1		3	45	A2	2	329
17	17	62	62	2.0	0	0	4/4	4	1	1/2	1/2	1		3	57	A3	3	323
17	17	62	62	2.0	0	0	4/4	3	1	1/2	1/2	1		0	60	C4	4	322
17	17	62	62	2.0	0	0	4/4	6	1	1/2	1/2	1		0	60	C4	4	326
17	17	62	62	2.0	0	0	4/4	2	1	1/2	1/2	1		4	64	E4	4	321
17	17	62	62	2.0	0	0	4/4	5	2	1/2	1/2	1		4	64	E4	4	325
17	17	62	62	2.0	0	0	4/4	1	1	1/2	1/2	1		3	69	A4	4	320
17	17	62	62	2.0	0	0	4/4	5	1	1/2	1/2	1		3	69	A4	4	324
17	17	62	62	2.0	0	0	4/4	7	1	1/2	1/2	1		3	69	A4	4	328
